✓ Running next.config.mjs took 19ms
> Ready on http://localhost:3000
User connected: trMoTFtC35-1Sm7IAAAA
prisma:query SELECT "public"."MachineCredential"."id", "public"."MachineCredential"."isOnline", "public"."MachineCredential"."lastHeartbeat" FROM "public"."MachineCredential" WHERE ("public"."MachineCredential"."outletId" = $1 AND 1=1) LIMIT $2 OFFSET $3
 GET /api/machine/status 200 in 1023ms (next.js: 79ms, application-code: 944ms)
User disconnected: trMoTFtC35-1Sm7IAAAA, reason: transport close
 GET /tables 200 in 250ms (next.js: 40ms, proxy.ts: 34ms, application-code: 176ms)
 GET /kitchen 200 in 217ms (next.js: 118ms, proxy.ts: 53ms, application-code: 45ms)
prisma:query SELECT "public"."Outlet"."id", "public"."Outlet"."hotelId", "public"."Outlet"."name", "public"."Outlet"."slug", "public"."Outlet"."address", "public"."Outlet"."phone", "public"."Outlet"."billNote", "public"."Outlet"."kotNote", "public"."Outlet"."status", "public"."Outlet"."dailyRevenue", "public"."Outlet"."staffCount", "public"."Outlet"."franchiseOwnerId", "public"."Outlet"."createdAt" FROM "public"."Outlet" WHERE ("public"."Outlet"."id" = $1 AND 1=1) LIMIT $2 OFFSET $3
prisma:query SELECT "public"."Table"."id", "public"."Table"."outletId", "public"."Table"."number", "public"."Table"."label", "public"."Table"."section", "public"."Table"."capacity", "public"."Table"."status", "public"."Table"."currentOrderId" FROM "public"."Table" WHERE "public"."Table"."outletId" = $1 ORDER BY "public"."Table"."section" ASC, "public"."Table"."number" ASC OFFSET $2
 GET /api/tables 200 in 347ms (next.js: 19ms, application-code: 328ms)
prisma:query SELECT "public"."MachineCredential"."id" FROM "public"."MachineCredential" WHERE ("public"."MachineCredential"."outletId" = $1 AND 1=1) LIMIT $2 OFFSET $3
prisma:query UPDATE "public"."MachineCredential" SET "isOnline" = $1, "lastHeartbeat" = $2, "updatedAt" = $3 WHERE ("public"."MachineCredential"."id" = $4 AND 1=1) RETURNING "public"."MachineCredential"."id", "public"."MachineCredential"."outletId", "public"."MachineCredential"."machineEmail", "public"."MachineCredential"."passwordHash", "public"."MachineCredential"."apiToken", "public"."MachineCredential"."isOnline", "public"."MachineCredential"."lastHeartbeat", "public"."MachineCredential"."passwordLastRotatedAt", "public"."MachineCredential"."createdAt", "public"."MachineCredential"."updatedAt"
 POST /api/machine/heartbeat 200 in 393ms (next.js: 20ms, application-code: 373ms)
prisma:query SELECT "public"."Outlet"."id", "public"."Outlet"."hotelId", "public"."Outlet"."name", "public"."Outlet"."slug", "public"."Outlet"."address", "public"."Outlet"."phone", "public"."Outlet"."billNote", "public"."Outlet"."kotNote", "public"."Outlet"."status", "public"."Outlet"."dailyRevenue", "public"."Outlet"."staffCount", "public"."Outlet"."franchiseOwnerId", "public"."Outlet"."createdAt" FROM "public"."Outlet" WHERE ("public"."Outlet"."id" = $1 AND 1=1) LIMIT $2 OFFSET $3
prisma:query SELECT "public"."MachineCredential"."id", "public"."MachineCredential"."isOnline", "public"."MachineCredential"."lastHeartbeat" FROM "public"."MachineCredential" WHERE ("public"."MachineCredential"."outletId" = $1 AND 1=1) LIMIT $2 OFFSET $3
prisma:query SELECT "public"."Outlet"."id", "public"."Outlet"."hotelId", "public"."Outlet"."name", "public"."Outlet"."slug", "public"."Outlet"."address", "public"."Outlet"."phone", "public"."Outlet"."billNote", "public"."Outlet"."kotNote", "public"."Outlet"."status", "public"."Outlet"."dailyRevenue", "public"."Outlet"."staffCount", "public"."Outlet"."franchiseOwnerId", "public"."Outlet"."createdAt" FROM "public"."Outlet" WHERE ("public"."Outlet"."id" = $1 AND 1=1) LIMIT $2 OFFSET $3
 GET /api/machine/status 200 in 773ms (next.js: 12ms, application-code: 761ms)
prisma:query SELECT "public"."Outlet"."id", "public"."Outlet"."hotelId", "public"."Outlet"."name", "public"."Outlet"."slug", "public"."Outlet"."address", "public"."Outlet"."phone", "public"."Outlet"."billNote", "public"."Outlet"."kotNote", "public"."Outlet"."status", "public"."Outlet"."dailyRevenue", "public"."Outlet"."staffCount", "public"."Outlet"."franchiseOwnerId", "public"."Outlet"."createdAt" FROM "public"."Outlet" WHERE ("public"."Outlet"."id" = $1 AND 1=1) LIMIT $2 OFFSET $3
prisma:query SELECT "public"."Outlet"."id", "public"."Outlet"."hotelId", "public"."Outlet"."name", "public"."Outlet"."slug", "public"."Outlet"."address", "public"."Outlet"."phone", "public"."Outlet"."billNote", "public"."Outlet"."kotNote", "public"."Outlet"."status", "public"."Outlet"."dailyRevenue", "public"."Outlet"."staffCount", "public"."Outlet"."franchiseOwnerId", "public"."Outlet"."createdAt" FROM "public"."Outlet" WHERE ("public"."Outlet"."id" = $1 AND 1=1) LIMIT $2 OFFSET $3
prisma:query SELECT "public"."Outlet"."id", "public"."Outlet"."hotelId", "public"."Outlet"."name", "public"."Outlet"."slug", "public"."Outlet"."address", "public"."Outlet"."phone", "public"."Outlet"."billNote", "public"."Outlet"."kotNote", "public"."Outlet"."status", "public"."Outlet"."dailyRevenue", "public"."Outlet"."staffCount", "public"."Outlet"."franchiseOwnerId", "public"."Outlet"."createdAt" FROM "public"."Outlet" WHERE ("public"."Outlet"."id" = $1 AND 1=1) LIMIT $2 OFFSET $3
prisma:query SELECT "public"."Outlet"."id", "public"."Outlet"."hotelId", "public"."Outlet"."name", "public"."Outlet"."slug", "public"."Outlet"."address", "public"."Outlet"."phone", "public"."Outlet"."billNote", "public"."Outlet"."kotNote", "public"."Outlet"."status", "public"."Outlet"."dailyRevenue", "public"."Outlet"."staffCount", "public"."Outlet"."franchiseOwnerId", "public"."Outlet"."createdAt" FROM "public"."Outlet" WHERE ("public"."Outlet"."id" = $1 AND 1=1) LIMIT $2 OFFSET $3
prisma:query SELECT "public"."Outlet"."id", "public"."Outlet"."hotelId", "public"."Outlet"."name", "public"."Outlet"."slug", "public"."Outlet"."address", "public"."Outlet"."phone", "public"."Outlet"."billNote", "public"."Outlet"."kotNote", "public"."Outlet"."status", "public"."Outlet"."dailyRevenue", "public"."Outlet"."staffCount", "public"."Outlet"."franchiseOwnerId", "public"."Outlet"."createdAt" FROM "public"."Outlet" WHERE ("public"."Outlet"."id" = $1 AND 1=1) LIMIT $2 OFFSET $3
prisma:query SELECT "public"."Table"."id", "public"."Table"."outletId", "public"."Table"."number", "public"."Table"."label", "public"."Table"."section", "public"."Table"."capacity", "public"."Table"."status", "public"."Table"."currentOrderId" FROM "public"."Table" WHERE "public"."Table"."outletId" = $1 ORDER BY "public"."Table"."section" ASC, "public"."Table"."number" ASC OFFSET $2
 GET /api/tables 200 in 948ms (next.js: 4ms, application-code: 944ms)
prisma:query SELECT "public"."Order"."id", "public"."Order"."outletId", "public"."Order"."tableNumber", "public"."Order"."billNumber", "public"."Order"."waiterName", "public"."Order"."status"::text, "public"."Order"."totalAmount", "public"."Order"."discount", "public"."Order"."notes", "public"."Order"."createdAt", "public"."Order"."updatedAt", "public"."Order"."completedAt", "public"."Order"."billedAt" FROM "public"."Order" WHERE ("public"."Order"."outletId" = $1 AND "public"."Order"."status" IN (CAST($2::text AS "public"."OrderStatus"),CAST($3::text AS "public"."OrderStatus"))) ORDER BY "public"."Order"."createdAt" ASC OFFSET $4
 GET /api/orders 200 in 940ms (next.js: 6ms, application-code: 934ms)
prisma:query SELECT "public"."MenuItem"."id", "public"."MenuItem"."outletId", "public"."MenuItem"."name", "public"."MenuItem"."category", "public"."MenuItem"."price", "public"."MenuItem"."description", "public"."MenuItem"."kitchenNote", "public"."MenuItem"."billNote", "public"."MenuItem"."prepTime", "public"."MenuItem"."available", "public"."MenuItem"."trackStock", "public"."MenuItem"."stockQuantity", "public"."MenuItem"."lowStockThreshold" FROM "public"."MenuItem" WHERE "public"."MenuItem"."outletId" = $1 ORDER BY "public"."MenuItem"."category" ASC, "public"."MenuItem"."name" ASC OFFSET $2
 GET /api/menu 200 in 981ms (next.js: 12ms, application-code: 968ms)
prisma:query SELECT "public"."Order"."id", "public"."Order"."outletId", "public"."Order"."tableNumber", "public"."Order"."billNumber", "public"."Order"."waiterName", "public"."Order"."status"::text, "public"."Order"."totalAmount", "public"."Order"."discount", "public"."Order"."notes", "public"."Order"."createdAt", "public"."Order"."updatedAt", "public"."Order"."completedAt", "public"."Order"."billedAt" FROM "public"."Order" WHERE ("public"."Order"."outletId" = $1 AND "public"."Order"."status" IN (CAST($2::text AS "public"."OrderStatus"),CAST($3::text AS "public"."OrderStatus"))) ORDER BY "public"."Order"."createdAt" ASC OFFSET $4
 GET /api/orders 200 in 1016ms (next.js: 9ms, application-code: 1007ms)
prisma:query SELECT "public"."MenuItem"."id", "public"."MenuItem"."outletId", "public"."MenuItem"."name", "public"."MenuItem"."category", "public"."MenuItem"."price", "public"."MenuItem"."description", "public"."MenuItem"."kitchenNote", "public"."MenuItem"."billNote", "public"."MenuItem"."prepTime", "public"."MenuItem"."available", "public"."MenuItem"."trackStock", "public"."MenuItem"."stockQuantity", "public"."MenuItem"."lowStockThreshold" FROM "public"."MenuItem" WHERE "public"."MenuItem"."outletId" = $1 ORDER BY "public"."MenuItem"."category" ASC, "public"."MenuItem"."name" ASC OFFSET $2
 GET /api/menu 200 in 1094ms (next.js: 59ms, application-code: 1036ms)
prisma:query SELECT "public"."Order"."id", "public"."Order"."outletId", "public"."Order"."tableNumber", "public"."Order"."billNumber", "public"."Order"."waiterName", "public"."Order"."status"::text, "public"."Order"."totalAmount", "public"."Order"."discount", "public"."Order"."notes", "public"."Order"."createdAt", "public"."Order"."updatedAt", "public"."Order"."completedAt", "public"."Order"."billedAt" FROM "public"."Order" WHERE ("public"."Order"."outletId" = $1 AND "public"."Order"."status" IN (CAST($2::text AS "public"."OrderStatus"),CAST($3::text AS "public"."OrderStatus"))) ORDER BY "public"."Order"."createdAt" ASC OFFSET $4
prisma:query SELECT "public"."Order"."id", "public"."Order"."outletId", "public"."Order"."tableNumber", "public"."Order"."billNumber", "public"."Order"."waiterName", "public"."Order"."status"::text, "public"."Order"."totalAmount", "public"."Order"."discount", "public"."Order"."notes", "public"."Order"."createdAt", "public"."Order"."updatedAt", "public"."Order"."completedAt", "public"."Order"."billedAt" FROM "public"."Order" WHERE ("public"."Order"."outletId" = $1 AND "public"."Order"."status" IN (CAST($2::text AS "public"."OrderStatus"),CAST($3::text AS "public"."OrderStatus"))) ORDER BY "public"."Order"."createdAt" ASC OFFSET $4
 GET /api/orders 200 in 1099ms (next.js: 39ms, application-code: 1060ms)
 GET /api/orders 200 in 1037ms (next.js: 9ms, application-code: 1028ms)
User connected: X1Yn6F6dhY2qifeIAAAB
Socket X1Yn6F6dhY2qifeIAAAB joined outlet KHANDOLI-MAIN
 GET /tables 200 in 36ms (next.js: 3ms, proxy.ts: 5ms, application-code: 28ms)
User disconnected: X1Yn6F6dhY2qifeIAAAB, reason: transport close
prisma:query SELECT 1
prisma:query SELECT 1
prisma:query SELECT 1
prisma:query SELECT 1
prisma:query SELECT 1
prisma:query SELECT 1
prisma:query SELECT "public"."Outlet"."id", "public"."Outlet"."hotelId", "public"."Outlet"."name", "public"."Outlet"."slug", "public"."Outlet"."address", "public"."Outlet"."phone", "public"."Outlet"."billNote", "public"."Outlet"."kotNote", "public"."Outlet"."status", "public"."Outlet"."dailyRevenue", "public"."Outlet"."staffCount", "public"."Outlet"."franchiseOwnerId", "public"."Outlet"."createdAt" FROM "public"."Outlet" WHERE ("public"."Outlet"."id" = $1 AND 1=1) LIMIT $2 OFFSET $3
prisma:query SELECT "public"."Outlet"."id", "public"."Outlet"."hotelId", "public"."Outlet"."name", "public"."Outlet"."slug", "public"."Outlet"."address", "public"."Outlet"."phone", "public"."Outlet"."billNote", "public"."Outlet"."kotNote", "public"."Outlet"."status", "public"."Outlet"."dailyRevenue", "public"."Outlet"."staffCount", "public"."Outlet"."franchiseOwnerId", "public"."Outlet"."createdAt" FROM "public"."Outlet" WHERE ("public"."Outlet"."id" = $1 AND 1=1) LIMIT $2 OFFSET $3
prisma:query SELECT "public"."Outlet"."id", "public"."Outlet"."hotelId", "public"."Outlet"."name", "public"."Outlet"."slug", "public"."Outlet"."address", "public"."Outlet"."phone", "public"."Outlet"."billNote", "public"."Outlet"."kotNote", "public"."Outlet"."status", "public"."Outlet"."dailyRevenue", "public"."Outlet"."staffCount", "public"."Outlet"."franchiseOwnerId", "public"."Outlet"."createdAt" FROM "public"."Outlet" WHERE ("public"."Outlet"."id" = $1 AND 1=1) LIMIT $2 OFFSET $3
prisma:query SELECT "public"."Outlet"."id", "public"."Outlet"."hotelId", "public"."Outlet"."name", "public"."Outlet"."slug", "public"."Outlet"."address", "public"."Outlet"."phone", "public"."Outlet"."billNote", "public"."Outlet"."kotNote", "public"."Outlet"."status", "public"."Outlet"."dailyRevenue", "public"."Outlet"."staffCount", "public"."Outlet"."franchiseOwnerId", "public"."Outlet"."createdAt" FROM "public"."Outlet" WHERE ("public"."Outlet"."id" = $1 AND 1=1) LIMIT $2 OFFSET $3
prisma:query SELECT "public"."Outlet"."id", "public"."Outlet"."hotelId", "public"."Outlet"."name", "public"."Outlet"."slug", "public"."Outlet"."address", "public"."Outlet"."phone", "public"."Outlet"."billNote", "public"."Outlet"."kotNote", "public"."Outlet"."status", "public"."Outlet"."dailyRevenue", "public"."Outlet"."staffCount", "public"."Outlet"."franchiseOwnerId", "public"."Outlet"."createdAt" FROM "public"."Outlet" WHERE ("public"."Outlet"."id" = $1 AND 1=1) LIMIT $2 OFFSET $3
prisma:query SELECT "public"."Outlet"."id", "public"."Outlet"."hotelId", "public"."Outlet"."name", "public"."Outlet"."slug", "public"."Outlet"."address", "public"."Outlet"."phone", "public"."Outlet"."billNote", "public"."Outlet"."kotNote", "public"."Outlet"."status", "public"."Outlet"."dailyRevenue", "public"."Outlet"."staffCount", "public"."Outlet"."franchiseOwnerId", "public"."Outlet"."createdAt" FROM "public"."Outlet" WHERE ("public"."Outlet"."id" = $1 AND 1=1) LIMIT $2 OFFSET $3
prisma:query SELECT "public"."MenuItem"."id", "public"."MenuItem"."outletId", "public"."MenuItem"."name", "public"."MenuItem"."category", "public"."MenuItem"."price", "public"."MenuItem"."description", "public"."MenuItem"."kitchenNote", "public"."MenuItem"."billNote", "public"."MenuItem"."prepTime", "public"."MenuItem"."available", "public"."MenuItem"."trackStock", "public"."MenuItem"."stockQuantity", "public"."MenuItem"."lowStockThreshold" FROM "public"."MenuItem" WHERE "public"."MenuItem"."outletId" = $1 ORDER BY "public"."MenuItem"."category" ASC, "public"."MenuItem"."name" ASC OFFSET $2
 GET /api/menu 200 in 288ms (next.js: 14ms, application-code: 274ms)
prisma:query SELECT "public"."Order"."id", "public"."Order"."outletId", "public"."Order"."tableNumber", "public"."Order"."billNumber", "public"."Order"."waiterName", "public"."Order"."status"::text, "public"."Order"."totalAmount", "public"."Order"."discount", "public"."Order"."notes", "public"."Order"."createdAt", "public"."Order"."updatedAt", "public"."Order"."completedAt", "public"."Order"."billedAt" FROM "public"."Order" WHERE ("public"."Order"."outletId" = $1 AND "public"."Order"."status" IN (CAST($2::text AS "public"."OrderStatus"),CAST($3::text AS "public"."OrderStatus"))) ORDER BY "public"."Order"."createdAt" ASC OFFSET $4
 GET /api/orders 200 in 294ms (next.js: 20ms, application-code: 274ms)
prisma:query SELECT "public"."Order"."id", "public"."Order"."outletId", "public"."Order"."tableNumber", "public"."Order"."billNumber", "public"."Order"."waiterName", "public"."Order"."status"::text, "public"."Order"."totalAmount", "public"."Order"."discount", "public"."Order"."notes", "public"."Order"."createdAt", "public"."Order"."updatedAt", "public"."Order"."completedAt", "public"."Order"."billedAt" FROM "public"."Order" WHERE ("public"."Order"."outletId" = $1 AND "public"."Order"."status" IN (CAST($2::text AS "public"."OrderStatus"),CAST($3::text AS "public"."OrderStatus"))) ORDER BY "public"."Order"."createdAt" ASC OFFSET $4
 GET /api/orders 200 in 376ms (next.js: 10ms, application-code: 366ms)
prisma:query SELECT "public"."Table"."id", "public"."Table"."outletId", "public"."Table"."number", "public"."Table"."label", "public"."Table"."section", "public"."Table"."capacity", "public"."Table"."status", "public"."Table"."currentOrderId" FROM "public"."Table" WHERE "public"."Table"."outletId" = $1 ORDER BY "public"."Table"."section" ASC, "public"."Table"."number" ASC OFFSET $2
 GET /api/tables 200 in 393ms (next.js: 4ms, application-code: 389ms)
User connected: du2zFc56w1zPxgMeAAAC
Socket du2zFc56w1zPxgMeAAAC joined outlet KHANDOLI-MAIN
prisma:query SELECT "public"."Table"."id", "public"."Table"."outletId", "public"."Table"."number", "public"."Table"."label", "public"."Table"."section", "public"."Table"."capacity", "public"."Table"."status", "public"."Table"."currentOrderId" FROM "public"."Table" WHERE "public"."Table"."outletId" = $1 ORDER BY "public"."Table"."section" ASC, "public"."Table"."number" ASC OFFSET $2
 GET /api/tables 200 in 405ms (next.js: 17ms, application-code: 388ms)
prisma:query SELECT "public"."MenuItem"."id", "public"."MenuItem"."outletId", "public"."MenuItem"."name", "public"."MenuItem"."category", "public"."MenuItem"."price", "public"."MenuItem"."description", "public"."MenuItem"."kitchenNote", "public"."MenuItem"."billNote", "public"."MenuItem"."prepTime", "public"."MenuItem"."available", "public"."MenuItem"."trackStock", "public"."MenuItem"."stockQuantity", "public"."MenuItem"."lowStockThreshold" FROM "public"."MenuItem" WHERE "public"."MenuItem"."outletId" = $1 ORDER BY "public"."MenuItem"."category" ASC, "public"."MenuItem"."name" ASC OFFSET $2
 GET /api/menu 200 in 450ms (next.js: 7ms, application-code: 443ms)
prisma:query SELECT "public"."MachineCredential"."id" FROM "public"."MachineCredential" WHERE ("public"."MachineCredential"."outletId" = $1 AND 1=1) LIMIT $2 OFFSET $3
prisma:query UPDATE "public"."MachineCredential" SET "isOnline" = $1, "lastHeartbeat" = $2, "updatedAt" = $3 WHERE ("public"."MachineCredential"."id" = $4 AND 1=1) RETURNING "public"."MachineCredential"."id", "public"."MachineCredential"."outletId", "public"."MachineCredential"."machineEmail", "public"."MachineCredential"."passwordHash", "public"."MachineCredential"."apiToken", "public"."MachineCredential"."isOnline", "public"."MachineCredential"."lastHeartbeat", "public"."MachineCredential"."passwordLastRotatedAt", "public"."MachineCredential"."createdAt", "public"."MachineCredential"."updatedAt"
 POST /api/machine/heartbeat 200 in 380ms (next.js: 1.4ms, application-code: 378ms)
 GET /kitchen 200 in 53ms (next.js: 4ms, proxy.ts: 4ms, application-code: 45ms)
prisma:query SELECT "public"."Outlet"."id", "public"."Outlet"."hotelId", "public"."Outlet"."name", "public"."Outlet"."slug", "public"."Outlet"."address", "public"."Outlet"."phone", "public"."Outlet"."billNote", "public"."Outlet"."kotNote", "public"."Outlet"."status", "public"."Outlet"."dailyRevenue", "public"."Outlet"."staffCount", "public"."Outlet"."franchiseOwnerId", "public"."Outlet"."createdAt" FROM "public"."Outlet" WHERE ("public"."Outlet"."id" = $1 AND 1=1) LIMIT $2 OFFSET $3
prisma:query SELECT "public"."Outlet"."id", "public"."Outlet"."hotelId", "public"."Outlet"."name", "public"."Outlet"."slug", "public"."Outlet"."address", "public"."Outlet"."phone", "public"."Outlet"."billNote", "public"."Outlet"."kotNote", "public"."Outlet"."status", "public"."Outlet"."dailyRevenue", "public"."Outlet"."staffCount", "public"."Outlet"."franchiseOwnerId", "public"."Outlet"."createdAt" FROM "public"."Outlet" WHERE ("public"."Outlet"."id" = $1 AND 1=1) LIMIT $2 OFFSET $3
prisma:query SELECT "public"."Order"."id", "public"."Order"."outletId", "public"."Order"."tableNumber", "public"."Order"."billNumber", "public"."Order"."waiterName", "public"."Order"."status"::text, "public"."Order"."totalAmount", "public"."Order"."discount", "public"."Order"."notes", "public"."Order"."createdAt", "public"."Order"."updatedAt", "public"."Order"."completedAt", "public"."Order"."billedAt" FROM "public"."Order" WHERE ("public"."Order"."outletId" = $1 AND "public"."Order"."status" IN (CAST($2::text AS "public"."OrderStatus"),CAST($3::text AS "public"."OrderStatus"))) ORDER BY "public"."Order"."createdAt" ASC OFFSET $4
 GET /api/orders 200 in 210ms (next.js: 7ms, application-code: 203ms)
prisma:query SELECT "public"."MachineCredential"."id", "public"."MachineCredential"."isOnline", "public"."MachineCredential"."lastHeartbeat" FROM "public"."MachineCredential" WHERE ("public"."MachineCredential"."outletId" = $1 AND 1=1) LIMIT $2 OFFSET $3
 GET /api/machine/status 200 in 210ms (next.js: 1.5ms, application-code: 208ms)
prisma:query SELECT "public"."Order"."id", "public"."Order"."outletId", "public"."Order"."tableNumber", "public"."Order"."billNumber", "public"."Order"."waiterName", "public"."Order"."status"::text, "public"."Order"."totalAmount", "public"."Order"."discount", "public"."Order"."notes", "public"."Order"."createdAt", "public"."Order"."updatedAt", "public"."Order"."completedAt", "public"."Order"."billedAt" FROM "public"."Order" WHERE ("public"."Order"."outletId" = $1 AND "public"."Order"."status" IN (CAST($2::text AS "public"."OrderStatus"),CAST($3::text AS "public"."OrderStatus"))) ORDER BY "public"."Order"."createdAt" ASC OFFSET $4
 GET /api/orders 200 in 233ms (next.js: 4ms, application-code: 229ms)
prisma:query SELECT 1
prisma:query SELECT 1
prisma:query SELECT 1
prisma:query SELECT 1
prisma:query SELECT "public"."Outlet"."id", "public"."Outlet"."hotelId", "public"."Outlet"."name", "public"."Outlet"."slug", "public"."Outlet"."address", "public"."Outlet"."phone", "public"."Outlet"."billNote", "public"."Outlet"."kotNote", "public"."Outlet"."status", "public"."Outlet"."dailyRevenue", "public"."Outlet"."staffCount", "public"."Outlet"."franchiseOwnerId", "public"."Outlet"."createdAt" FROM "public"."Outlet" WHERE ("public"."Outlet"."id" = $1 AND 1=1) LIMIT $2 OFFSET $3
prisma:query SELECT "public"."Outlet"."id", "public"."Outlet"."hotelId", "public"."Outlet"."name", "public"."Outlet"."slug", "public"."Outlet"."address", "public"."Outlet"."phone", "public"."Outlet"."billNote", "public"."Outlet"."kotNote", "public"."Outlet"."status", "public"."Outlet"."dailyRevenue", "public"."Outlet"."staffCount", "public"."Outlet"."franchiseOwnerId", "public"."Outlet"."createdAt" FROM "public"."Outlet" WHERE ("public"."Outlet"."id" = $1 AND 1=1) LIMIT $2 OFFSET $3
prisma:query SELECT "public"."Outlet"."id", "public"."Outlet"."hotelId", "public"."Outlet"."name", "public"."Outlet"."slug", "public"."Outlet"."address", "public"."Outlet"."phone", "public"."Outlet"."billNote", "public"."Outlet"."kotNote", "public"."Outlet"."status", "public"."Outlet"."dailyRevenue", "public"."Outlet"."staffCount", "public"."Outlet"."franchiseOwnerId", "public"."Outlet"."createdAt" FROM "public"."Outlet" WHERE ("public"."Outlet"."id" = $1 AND 1=1) LIMIT $2 OFFSET $3
prisma:query SELECT "public"."Outlet"."id", "public"."Outlet"."hotelId", "public"."Outlet"."name", "public"."Outlet"."slug", "public"."Outlet"."address", "public"."Outlet"."phone", "public"."Outlet"."billNote", "public"."Outlet"."kotNote", "public"."Outlet"."status", "public"."Outlet"."dailyRevenue", "public"."Outlet"."staffCount", "public"."Outlet"."franchiseOwnerId", "public"."Outlet"."createdAt" FROM "public"."Outlet" WHERE ("public"."Outlet"."id" = $1 AND 1=1) LIMIT $2 OFFSET $3
prisma:query SELECT "public"."MenuItem"."id", "public"."MenuItem"."outletId", "public"."MenuItem"."name", "public"."MenuItem"."category", "public"."MenuItem"."price", "public"."MenuItem"."description", "public"."MenuItem"."kitchenNote", "public"."MenuItem"."billNote", "public"."MenuItem"."prepTime", "public"."MenuItem"."available", "public"."MenuItem"."trackStock", "public"."MenuItem"."stockQuantity", "public"."MenuItem"."lowStockThreshold" FROM "public"."MenuItem" WHERE "public"."MenuItem"."outletId" = $1 ORDER BY "public"."MenuItem"."category" ASC, "public"."MenuItem"."name" ASC OFFSET $2
 GET /api/menu?hotelId=KHANDOLI-MAIN 200 in 278ms (next.js: 9ms, application-code: 269ms)
prisma:query SELECT "public"."Order"."id", "public"."Order"."outletId", "public"."Order"."tableNumber", "public"."Order"."billNumber", "public"."Order"."waiterName", "public"."Order"."status"::text, "public"."Order"."totalAmount", "public"."Order"."discount", "public"."Order"."notes", "public"."Order"."createdAt", "public"."Order"."updatedAt", "public"."Order"."completedAt", "public"."Order"."billedAt" FROM "public"."Order" WHERE ("public"."Order"."outletId" = $1 AND "public"."Order"."status" IN (CAST($2::text AS "public"."OrderStatus"),CAST($3::text AS "public"."OrderStatus"))) ORDER BY "public"."Order"."createdAt" ASC OFFSET $4
 GET /api/orders?hotelId=KHANDOLI-MAIN 200 in 282ms (next.js: 6ms, application-code: 276ms)
prisma:query SELECT "public"."Table"."id", "public"."Table"."outletId", "public"."Table"."number", "public"."Table"."label", "public"."Table"."section", "public"."Table"."capacity", "public"."Table"."status", "public"."Table"."currentOrderId" FROM "public"."Table" WHERE "public"."Table"."outletId" = $1 ORDER BY "public"."Table"."section" ASC, "public"."Table"."number" ASC OFFSET $2
 GET /api/tables?hotelId=KHANDOLI-MAIN 200 in 361ms (next.js: 3ms, application-code: 358ms)
prisma:query SELECT "public"."MenuItem"."id", "public"."MenuItem"."outletId", "public"."MenuItem"."name", "public"."MenuItem"."category", "public"."MenuItem"."price", "public"."MenuItem"."description", "public"."MenuItem"."kitchenNote", "public"."MenuItem"."billNote", "public"."MenuItem"."prepTime", "public"."MenuItem"."available", "public"."MenuItem"."trackStock", "public"."MenuItem"."stockQuantity", "public"."MenuItem"."lowStockThreshold" FROM "public"."MenuItem" WHERE ("public"."MenuItem"."outletId" = $1 AND "public"."MenuItem"."id" IN ($2,$3) AND "public"."MenuItem"."available" = $4) OFFSET $5
prisma:query SELECT "public"."Order"."id", "public"."Order"."outletId", "public"."Order"."tableNumber", "public"."Order"."billNumber", "public"."Order"."waiterName", "public"."Order"."status"::text, "public"."Order"."totalAmount", "public"."Order"."discount", "public"."Order"."notes", "public"."Order"."createdAt", "public"."Order"."updatedAt", "public"."Order"."completedAt", "public"."Order"."billedAt" FROM "public"."Order" WHERE ("public"."Order"."outletId" = $1 AND "public"."Order"."notes"::text LIKE $2) LIMIT $3 OFFSET $4
prisma:query SELECT "public"."Order"."id", "public"."Order"."outletId", "public"."Order"."tableNumber", "public"."Order"."billNumber", "public"."Order"."waiterName", "public"."Order"."status"::text, "public"."Order"."totalAmount", "public"."Order"."discount", "public"."Order"."notes", "public"."Order"."createdAt", "public"."Order"."updatedAt", "public"."Order"."completedAt", "public"."Order"."billedAt" FROM "public"."Order" WHERE ("public"."Order"."id" = $1 AND 1=1) LIMIT $2 OFFSET $3
prisma:query SELECT "public"."Order"."id", "public"."Order"."outletId", "public"."Order"."tableNumber", "public"."Order"."billNumber", "public"."Order"."waiterName", "public"."Order"."status"::text, "public"."Order"."totalAmount", "public"."Order"."discount", "public"."Order"."notes", "public"."Order"."createdAt", "public"."Order"."updatedAt", "public"."Order"."completedAt", "public"."Order"."billedAt" FROM "public"."Order" WHERE ("public"."Order"."outletId" = $1 AND "public"."Order"."tableNumber" = $2 AND "public"."Order"."status" IN (CAST($3::text AS "public"."OrderStatus"),CAST($4::text AS "public"."OrderStatus"))) LIMIT $5 OFFSET $6
prisma:query BEGIN
prisma:query INSERT INTO "public"."Order" ("id","outletId","tableNumber","waiterName","status","totalAmount","discount","notes","createdAt","updatedAt") VALUES ($1,$2,$3,$4,CAST($5::text AS "public"."OrderStatus"),$6,$7,$8,$9,$10) RETURNING "public"."Order"."id"
prisma:query INSERT INTO "public"."OrderItem" ("id","orderId","menuItemId","name","category","price","quantity","status") VALUES ($1,$2,$3,$4,$5,$6,$7,$8), ($9,$10,$11,$12,$13,$14,$15,$16)
prisma:query SELECT "public"."Order"."id", "public"."Order"."outletId", "public"."Order"."tableNumber", "public"."Order"."billNumber", "public"."Order"."waiterName", "public"."Order"."status"::text, "public"."Order"."totalAmount", "public"."Order"."discount", "public"."Order"."notes", "public"."Order"."createdAt", "public"."Order"."updatedAt", "public"."Order"."completedAt", "public"."Order"."billedAt" FROM "public"."Order" WHERE "public"."Order"."id" = $1 LIMIT $2 OFFSET $3
prisma:query SELECT "public"."OrderItem"."id", "public"."OrderItem"."orderId", "public"."OrderItem"."menuItemId", "public"."OrderItem"."name", "public"."OrderItem"."category", "public"."OrderItem"."price", "public"."OrderItem"."quantity", "public"."OrderItem"."status" FROM "public"."OrderItem" WHERE "public"."OrderItem"."orderId" IN ($1) OFFSET $2
prisma:query UPDATE "public"."Table" SET "status" = $1, "currentOrderId" = $2 WHERE ("public"."Table"."outletId" = $3 AND "public"."Table"."number" = $4)
prisma:query COMMIT
 POST /api/orders 201 in 1981ms (next.js: 1.7ms, application-code: 1979ms)
prisma:query SELECT "public"."Outlet"."id", "public"."Outlet"."hotelId", "public"."Outlet"."name", "public"."Outlet"."slug", "public"."Outlet"."address", "public"."Outlet"."phone", "public"."Outlet"."billNote", "public"."Outlet"."kotNote", "public"."Outlet"."status", "public"."Outlet"."dailyRevenue", "public"."Outlet"."staffCount", "public"."Outlet"."franchiseOwnerId", "public"."Outlet"."createdAt" FROM "public"."Outlet" WHERE ("public"."Outlet"."id" = $1 AND 1=1) LIMIT $2 OFFSET $3
prisma:query SELECT "public"."Outlet"."id", "public"."Outlet"."hotelId", "public"."Outlet"."name", "public"."Outlet"."slug", "public"."Outlet"."address", "public"."Outlet"."phone", "public"."Outlet"."billNote", "public"."Outlet"."kotNote", "public"."Outlet"."status", "public"."Outlet"."dailyRevenue", "public"."Outlet"."staffCount", "public"."Outlet"."franchiseOwnerId", "public"."Outlet"."createdAt" FROM "public"."Outlet" WHERE ("public"."Outlet"."id" = $1 AND 1=1) LIMIT $2 OFFSET $3
prisma:query SELECT "public"."Outlet"."id", "public"."Outlet"."hotelId", "public"."Outlet"."name", "public"."Outlet"."slug", "public"."Outlet"."address", "public"."Outlet"."phone", "public"."Outlet"."billNote", "public"."Outlet"."kotNote", "public"."Outlet"."status", "public"."Outlet"."dailyRevenue", "public"."Outlet"."staffCount", "public"."Outlet"."franchiseOwnerId", "public"."Outlet"."createdAt" FROM "public"."Outlet" WHERE ("public"."Outlet"."id" = $1 AND 1=1) LIMIT $2 OFFSET $3
prisma:query SELECT "public"."Table"."id", "public"."Table"."outletId", "public"."Table"."number", "public"."Table"."label", "public"."Table"."section", "public"."Table"."capacity", "public"."Table"."status", "public"."Table"."currentOrderId" FROM "public"."Table" WHERE "public"."Table"."outletId" = $1 ORDER BY "public"."Table"."section" ASC, "public"."Table"."number" ASC OFFSET $2
prisma:query SELECT "public"."Order"."id", "public"."Order"."outletId", "public"."Order"."tableNumber", "public"."Order"."billNumber", "public"."Order"."waiterName", "public"."Order"."status"::text, "public"."Order"."totalAmount", "public"."Order"."discount", "public"."Order"."notes", "public"."Order"."createdAt", "public"."Order"."updatedAt", "public"."Order"."completedAt", "public"."Order"."billedAt" FROM "public"."Order" WHERE ("public"."Order"."outletId" = $1 AND "public"."Order"."status" IN (CAST($2::text AS "public"."OrderStatus"),CAST($3::text AS "public"."OrderStatus"))) ORDER BY "public"."Order"."createdAt" ASC OFFSET $4
 GET /api/tables 200 in 205ms (next.js: 3ms, application-code: 203ms)
prisma:query SELECT "public"."MenuItem"."id", "public"."MenuItem"."outletId", "public"."MenuItem"."name", "public"."MenuItem"."category", "public"."MenuItem"."price", "public"."MenuItem"."description", "public"."MenuItem"."kitchenNote", "public"."MenuItem"."billNote", "public"."MenuItem"."prepTime", "public"."MenuItem"."available", "public"."MenuItem"."trackStock", "public"."MenuItem"."stockQuantity", "public"."MenuItem"."lowStockThreshold" FROM "public"."MenuItem" WHERE "public"."MenuItem"."outletId" = $1 ORDER BY "public"."MenuItem"."category" ASC, "public"."MenuItem"."name" ASC OFFSET $2
 GET /api/menu 200 in 310ms (next.js: 11ms, application-code: 299ms)
prisma:query SELECT "public"."OrderItem"."id", "public"."OrderItem"."orderId", "public"."OrderItem"."menuItemId", "public"."OrderItem"."name", "public"."OrderItem"."category", "public"."OrderItem"."price", "public"."OrderItem"."quantity", "public"."OrderItem"."status" FROM "public"."OrderItem" WHERE "public"."OrderItem"."orderId" IN ($1) OFFSET $2
 GET /api/orders 200 in 390ms (next.js: 7ms, application-code: 383ms)
prisma:query SELECT "public"."MachineCredential"."id" FROM "public"."MachineCredential" WHERE ("public"."MachineCredential"."outletId" = $1 AND 1=1) LIMIT $2 OFFSET $3
prisma:query UPDATE "public"."MachineCredential" SET "isOnline" = $1, "lastHeartbeat" = $2, "updatedAt" = $3 WHERE ("public"."MachineCredential"."id" = $4 AND 1=1) RETURNING "public"."MachineCredential"."id", "public"."MachineCredential"."outletId", "public"."MachineCredential"."machineEmail", "public"."MachineCredential"."passwordHash", "public"."MachineCredential"."apiToken", "public"."MachineCredential"."isOnline", "public"."MachineCredential"."lastHeartbeat", "public"."MachineCredential"."passwordLastRotatedAt", "public"."MachineCredential"."createdAt", "public"."MachineCredential"."updatedAt"
 POST /api/machine/heartbeat 200 in 391ms (next.js: 1.7ms, application-code: 389ms)
prisma:query SELECT "public"."MachineCredential"."id", "public"."MachineCredential"."isOnline", "public"."MachineCredential"."lastHeartbeat" FROM "public"."MachineCredential" WHERE ("public"."MachineCredential"."outletId" = $1 AND 1=1) LIMIT $2 OFFSET $3
 GET /api/machine/status 200 in 110ms (next.js: 1.4ms, application-code: 108ms)
prisma:query SELECT 1
prisma:query SELECT 1
prisma:query SELECT 1
prisma:query SELECT 1
prisma:query SELECT "public"."Outlet"."id", "public"."Outlet"."hotelId", "public"."Outlet"."name", "public"."Outlet"."slug", "public"."Outlet"."address", "public"."Outlet"."phone", "public"."Outlet"."billNote", "public"."Outlet"."kotNote", "public"."Outlet"."status", "public"."Outlet"."dailyRevenue", "public"."Outlet"."staffCount", "public"."Outlet"."franchiseOwnerId", "public"."Outlet"."createdAt" FROM "public"."Outlet" WHERE ("public"."Outlet"."id" = $1 AND 1=1) LIMIT $2 OFFSET $3
prisma:query SELECT "public"."Outlet"."id", "public"."Outlet"."hotelId", "public"."Outlet"."name", "public"."Outlet"."slug", "public"."Outlet"."address", "public"."Outlet"."phone", "public"."Outlet"."billNote", "public"."Outlet"."kotNote", "public"."Outlet"."status", "public"."Outlet"."dailyRevenue", "public"."Outlet"."staffCount", "public"."Outlet"."franchiseOwnerId", "public"."Outlet"."createdAt" FROM "public"."Outlet" WHERE ("public"."Outlet"."id" = $1 AND 1=1) LIMIT $2 OFFSET $3
prisma:query SELECT "public"."Outlet"."id", "public"."Outlet"."hotelId", "public"."Outlet"."name", "public"."Outlet"."slug", "public"."Outlet"."address", "public"."Outlet"."phone", "public"."Outlet"."billNote", "public"."Outlet"."kotNote", "public"."Outlet"."status", "public"."Outlet"."dailyRevenue", "public"."Outlet"."staffCount", "public"."Outlet"."franchiseOwnerId", "public"."Outlet"."createdAt" FROM "public"."Outlet" WHERE ("public"."Outlet"."id" = $1 AND 1=1) LIMIT $2 OFFSET $3
prisma:query SELECT "public"."Outlet"."id", "public"."Outlet"."hotelId", "public"."Outlet"."name", "public"."Outlet"."slug", "public"."Outlet"."address", "public"."Outlet"."phone", "public"."Outlet"."billNote", "public"."Outlet"."kotNote", "public"."Outlet"."status", "public"."Outlet"."dailyRevenue", "public"."Outlet"."staffCount", "public"."Outlet"."franchiseOwnerId", "public"."Outlet"."createdAt" FROM "public"."Outlet" WHERE ("public"."Outlet"."id" = $1 AND 1=1) LIMIT $2 OFFSET $3
prisma:query SELECT "public"."Table"."id", "public"."Table"."outletId", "public"."Table"."number", "public"."Table"."label", "public"."Table"."section", "public"."Table"."capacity", "public"."Table"."status", "public"."Table"."currentOrderId" FROM "public"."Table" WHERE "public"."Table"."outletId" = $1 ORDER BY "public"."Table"."section" ASC, "public"."Table"."number" ASC OFFSET $2
 GET /api/tables?hotelId=KHANDOLI-MAIN 200 in 272ms (next.js: 2ms, application-code: 270ms)
prisma:query SELECT "public"."Order"."id", "public"."Order"."outletId", "public"."Order"."tableNumber", "public"."Order"."billNumber", "public"."Order"."waiterName", "public"."Order"."status"::text, "public"."Order"."totalAmount", "public"."Order"."discount", "public"."Order"."notes", "public"."Order"."createdAt", "public"."Order"."updatedAt", "public"."Order"."completedAt", "public"."Order"."billedAt" FROM "public"."Order" WHERE ("public"."Order"."outletId" = $1 AND "public"."Order"."status" IN (CAST($2::text AS "public"."OrderStatus"),CAST($3::text AS "public"."OrderStatus"))) ORDER BY "public"."Order"."createdAt" ASC OFFSET $4
prisma:query SELECT "public"."MenuItem"."id", "public"."MenuItem"."outletId", "public"."MenuItem"."name", "public"."MenuItem"."category", "public"."MenuItem"."price", "public"."MenuItem"."description", "public"."MenuItem"."kitchenNote", "public"."MenuItem"."billNote", "public"."MenuItem"."prepTime", "public"."MenuItem"."available", "public"."MenuItem"."trackStock", "public"."MenuItem"."stockQuantity", "public"."MenuItem"."lowStockThreshold" FROM "public"."MenuItem" WHERE ("public"."MenuItem"."outletId" = $1 AND "public"."MenuItem"."id" IN ($2,$3) AND "public"."MenuItem"."available" = $4) OFFSET $5
prisma:query SELECT "public"."MenuItem"."id", "public"."MenuItem"."outletId", "public"."MenuItem"."name", "public"."MenuItem"."category", "public"."MenuItem"."price", "public"."MenuItem"."description", "public"."MenuItem"."kitchenNote", "public"."MenuItem"."billNote", "public"."MenuItem"."prepTime", "public"."MenuItem"."available", "public"."MenuItem"."trackStock", "public"."MenuItem"."stockQuantity", "public"."MenuItem"."lowStockThreshold" FROM "public"."MenuItem" WHERE "public"."MenuItem"."outletId" = $1 ORDER BY "public"."MenuItem"."category" ASC, "public"."MenuItem"."name" ASC OFFSET $2
 GET /api/menu?hotelId=KHANDOLI-MAIN 200 in 361ms (next.js: 8ms, application-code: 353ms)
prisma:query SELECT "public"."OrderItem"."id", "public"."OrderItem"."orderId", "public"."OrderItem"."menuItemId", "public"."OrderItem"."name", "public"."OrderItem"."category", "public"."OrderItem"."price", "public"."OrderItem"."quantity", "public"."OrderItem"."status" FROM "public"."OrderItem" WHERE "public"."OrderItem"."orderId" IN ($1) OFFSET $2
 GET /api/orders?hotelId=KHANDOLI-MAIN 200 in 457ms (next.js: 6ms, application-code: 451ms)
prisma:query SELECT "public"."Order"."id", "public"."Order"."outletId", "public"."Order"."tableNumber", "public"."Order"."billNumber", "public"."Order"."waiterName", "public"."Order"."status"::text, "public"."Order"."totalAmount", "public"."Order"."discount", "public"."Order"."notes", "public"."Order"."createdAt", "public"."Order"."updatedAt", "public"."Order"."completedAt", "public"."Order"."billedAt" FROM "public"."Order" WHERE ("public"."Order"."id" = $1 AND 1=1) LIMIT $2 OFFSET $3
prisma:query SELECT "public"."OrderItem"."id", "public"."OrderItem"."orderId", "public"."OrderItem"."menuItemId", "public"."OrderItem"."name", "public"."OrderItem"."category", "public"."OrderItem"."price", "public"."OrderItem"."quantity", "public"."OrderItem"."status" FROM "public"."OrderItem" WHERE "public"."OrderItem"."orderId" IN ($1) OFFSET $2
prisma:query BEGIN
prisma:query INSERT INTO "public"."OrderItem" ("id","orderId","menuItemId","name","category","price","quantity","status") VALUES ($1,$2,$3,$4,$5,$6,$7,$8), ($9,$10,$11,$12,$13,$14,$15,$16)
prisma:query UPDATE "public"."Order" SET "totalAmount" = $1, "status" = CAST($2::text AS "public"."OrderStatus"), "updatedAt" = $3 WHERE ("public"."Order"."id" = $4 AND 1=1) RETURNING "public"."Order"."id", "public"."Order"."outletId", "public"."Order"."tableNumber", "public"."Order"."billNumber", "public"."Order"."waiterName", "public"."Order"."status"::text, "public"."Order"."totalAmount", "public"."Order"."discount", "public"."Order"."notes", "public"."Order"."createdAt", "public"."Order"."updatedAt", "public"."Order"."completedAt", "public"."Order"."billedAt"
prisma:query SELECT "public"."Order"."id", "public"."Order"."outletId", "public"."Order"."tableNumber", "public"."Order"."billNumber", "public"."Order"."waiterName", "public"."Order"."status"::text, "public"."Order"."totalAmount", "public"."Order"."discount", "public"."Order"."notes", "public"."Order"."createdAt", "public"."Order"."updatedAt", "public"."Order"."completedAt", "public"."Order"."billedAt" FROM "public"."Order" WHERE "public"."Order"."id" = $1 LIMIT $2 OFFSET $3
prisma:query SELECT "public"."OrderItem"."id", "public"."OrderItem"."orderId", "public"."OrderItem"."menuItemId", "public"."OrderItem"."name", "public"."OrderItem"."category", "public"."OrderItem"."price", "public"."OrderItem"."quantity", "public"."OrderItem"."status" FROM "public"."OrderItem" WHERE "public"."OrderItem"."orderId" IN ($1) OFFSET $2
prisma:query COMMIT
 POST /api/orders 200 in 1433ms (next.js: 1.4ms, application-code: 1432ms)
prisma:query SELECT "public"."Outlet"."id", "public"."Outlet"."hotelId", "public"."Outlet"."name", "public"."Outlet"."slug", "public"."Outlet"."address", "public"."Outlet"."phone", "public"."Outlet"."billNote", "public"."Outlet"."kotNote", "public"."Outlet"."status", "public"."Outlet"."dailyRevenue", "public"."Outlet"."staffCount", "public"."Outlet"."franchiseOwnerId", "public"."Outlet"."createdAt" FROM "public"."Outlet" WHERE ("public"."Outlet"."id" = $1 AND 1=1) LIMIT $2 OFFSET $3
prisma:query SELECT "public"."Outlet"."id", "public"."Outlet"."hotelId", "public"."Outlet"."name", "public"."Outlet"."slug", "public"."Outlet"."address", "public"."Outlet"."phone", "public"."Outlet"."billNote", "public"."Outlet"."kotNote", "public"."Outlet"."status", "public"."Outlet"."dailyRevenue", "public"."Outlet"."staffCount", "public"."Outlet"."franchiseOwnerId", "public"."Outlet"."createdAt" FROM "public"."Outlet" WHERE ("public"."Outlet"."id" = $1 AND 1=1) LIMIT $2 OFFSET $3
prisma:query SELECT "public"."Outlet"."id", "public"."Outlet"."hotelId", "public"."Outlet"."name", "public"."Outlet"."slug", "public"."Outlet"."address", "public"."Outlet"."phone", "public"."Outlet"."billNote", "public"."Outlet"."kotNote", "public"."Outlet"."status", "public"."Outlet"."dailyRevenue", "public"."Outlet"."staffCount", "public"."Outlet"."franchiseOwnerId", "public"."Outlet"."createdAt" FROM "public"."Outlet" WHERE ("public"."Outlet"."id" = $1 AND 1=1) LIMIT $2 OFFSET $3
prisma:query SELECT "public"."MenuItem"."id", "public"."MenuItem"."outletId", "public"."MenuItem"."name", "public"."MenuItem"."category", "public"."MenuItem"."price", "public"."MenuItem"."description", "public"."MenuItem"."kitchenNote", "public"."MenuItem"."billNote", "public"."MenuItem"."prepTime", "public"."MenuItem"."available", "public"."MenuItem"."trackStock", "public"."MenuItem"."stockQuantity", "public"."MenuItem"."lowStockThreshold" FROM "public"."MenuItem" WHERE "public"."MenuItem"."outletId" = $1 ORDER BY "public"."MenuItem"."category" ASC, "public"."MenuItem"."name" ASC OFFSET $2
 GET /api/menu 200 in 190ms (next.js: 7ms, application-code: 183ms)
prisma:query SELECT "public"."Order"."id", "public"."Order"."outletId", "public"."Order"."tableNumber", "public"."Order"."billNumber", "public"."Order"."waiterName", "public"."Order"."status"::text, "public"."Order"."totalAmount", "public"."Order"."discount", "public"."Order"."notes", "public"."Order"."createdAt", "public"."Order"."updatedAt", "public"."Order"."completedAt", "public"."Order"."billedAt" FROM "public"."Order" WHERE ("public"."Order"."outletId" = $1 AND "public"."Order"."status" IN (CAST($2::text AS "public"."OrderStatus"),CAST($3::text AS "public"."OrderStatus"))) ORDER BY "public"."Order"."createdAt" ASC OFFSET $4
prisma:query SELECT "public"."Table"."id", "public"."Table"."outletId", "public"."Table"."number", "public"."Table"."label", "public"."Table"."section", "public"."Table"."capacity", "public"."Table"."status", "public"."Table"."currentOrderId" FROM "public"."Table" WHERE "public"."Table"."outletId" = $1 ORDER BY "public"."Table"."section" ASC, "public"."Table"."number" ASC OFFSET $2
 GET /api/tables 200 in 278ms (next.js: 2ms, application-code: 276ms)
prisma:query SELECT "public"."OrderItem"."id", "public"."OrderItem"."orderId", "public"."OrderItem"."menuItemId", "public"."OrderItem"."name", "public"."OrderItem"."category", "public"."OrderItem"."price", "public"."OrderItem"."quantity", "public"."OrderItem"."status" FROM "public"."OrderItem" WHERE "public"."OrderItem"."orderId" IN ($1) OFFSET $2
 GET /api/orders 200 in 284ms (next.js: 5ms, application-code: 279ms)
prisma:query SELECT "public"."Order"."id", "public"."Order"."outletId", "public"."Order"."tableNumber", "public"."Order"."billNumber", "public"."Order"."waiterName", "public"."Order"."status"::text, "public"."Order"."totalAmount", "public"."Order"."discount", "public"."Order"."notes", "public"."Order"."createdAt", "public"."Order"."updatedAt", "public"."Order"."completedAt", "public"."Order"."billedAt" FROM "public"."Order" WHERE ("public"."Order"."id" = $1 AND 1=1) LIMIT $2 OFFSET $3
prisma:query SELECT "public"."Outlet"."id", "public"."Outlet"."hotelId", "public"."Outlet"."name", "public"."Outlet"."slug", "public"."Outlet"."address", "public"."Outlet"."phone", "public"."Outlet"."billNote", "public"."Outlet"."kotNote", "public"."Outlet"."status", "public"."Outlet"."dailyRevenue", "public"."Outlet"."staffCount", "public"."Outlet"."franchiseOwnerId", "public"."Outlet"."createdAt" FROM "public"."Outlet" WHERE "public"."Outlet"."id" IN ($1) OFFSET $2
prisma:query SELECT "public"."OrderItem"."id", "public"."OrderItem"."orderId", "public"."OrderItem"."menuItemId", "public"."OrderItem"."name", "public"."OrderItem"."category", "public"."OrderItem"."price", "public"."OrderItem"."quantity", "public"."OrderItem"."status" FROM "public"."OrderItem" WHERE "public"."OrderItem"."orderId" IN ($1) OFFSET $2
prisma:query SELECT "public"."Outlet"."id", "public"."Outlet"."hotelId", "public"."Outlet"."name", "public"."Outlet"."slug", "public"."Outlet"."address", "public"."Outlet"."phone", "public"."Outlet"."billNote", "public"."Outlet"."kotNote", "public"."Outlet"."status", "public"."Outlet"."dailyRevenue", "public"."Outlet"."staffCount", "public"."Outlet"."franchiseOwnerId", "public"."Outlet"."createdAt" FROM "public"."Outlet" WHERE ("public"."Outlet"."id" = $1 AND 1=1) LIMIT $2 OFFSET $3
prisma:query SELECT "public"."Order"."id", "public"."Order"."outletId", "public"."Order"."tableNumber", "public"."Order"."billNumber", "public"."Order"."waiterName", "public"."Order"."status"::text, "public"."Order"."totalAmount", "public"."Order"."discount", "public"."Order"."notes", "public"."Order"."createdAt", "public"."Order"."updatedAt", "public"."Order"."completedAt", "public"."Order"."billedAt" FROM "public"."Order" WHERE ("public"."Order"."outletId" = $1 AND "public"."Order"."billNumber" IS NOT NULL) ORDER BY "public"."Order"."billNumber" DESC LIMIT $2 OFFSET $3
prisma:query BEGIN
prisma:query UPDATE "public"."Order" SET "status" = CAST($1::text AS "public"."OrderStatus"), "billNumber" = $2, "billedAt" = $3, "updatedAt" = $4 WHERE ("public"."Order"."id" = $5 AND 1=1) RETURNING "public"."Order"."id", "public"."Order"."outletId", "public"."Order"."tableNumber", "public"."Order"."billNumber", "public"."Order"."waiterName", "public"."Order"."status"::text, "public"."Order"."totalAmount", "public"."Order"."discount", "public"."Order"."notes", "public"."Order"."createdAt", "public"."Order"."updatedAt", "public"."Order"."completedAt", "public"."Order"."billedAt"
prisma:query SELECT "public"."Order"."id", "public"."Order"."outletId", "public"."Order"."tableNumber", "public"."Order"."billNumber", "public"."Order"."waiterName", "public"."Order"."status"::text, "public"."Order"."totalAmount", "public"."Order"."discount", "public"."Order"."notes", "public"."Order"."createdAt", "public"."Order"."updatedAt", "public"."Order"."completedAt", "public"."Order"."billedAt" FROM "public"."Order" WHERE "public"."Order"."id" = $1 LIMIT $2 OFFSET $3
prisma:query SELECT "public"."OrderItem"."id", "public"."OrderItem"."orderId", "public"."OrderItem"."menuItemId", "public"."OrderItem"."name", "public"."OrderItem"."category", "public"."OrderItem"."price", "public"."OrderItem"."quantity", "public"."OrderItem"."status" FROM "public"."OrderItem" WHERE "public"."OrderItem"."orderId" IN ($1) OFFSET $2
prisma:query UPDATE "public"."Table" SET "status" = $1, "currentOrderId" = $2 WHERE ("public"."Table"."outletId" = $3 AND "public"."Table"."number" = $4)
prisma:query COMMIT
 PATCH /api/orders 200 in 1654ms (next.js: 1.5ms, application-code: 1653ms)
prisma:query SELECT "public"."Outlet"."id", "public"."Outlet"."hotelId", "public"."Outlet"."name", "public"."Outlet"."slug", "public"."Outlet"."address", "public"."Outlet"."phone", "public"."Outlet"."billNote", "public"."Outlet"."kotNote", "public"."Outlet"."status", "public"."Outlet"."dailyRevenue", "public"."Outlet"."staffCount", "public"."Outlet"."franchiseOwnerId", "public"."Outlet"."createdAt" FROM "public"."Outlet" WHERE ("public"."Outlet"."id" = $1 AND 1=1) LIMIT $2 OFFSET $3
prisma:query SELECT "public"."Outlet"."id", "public"."Outlet"."hotelId", "public"."Outlet"."name", "public"."Outlet"."slug", "public"."Outlet"."address", "public"."Outlet"."phone", "public"."Outlet"."billNote", "public"."Outlet"."kotNote", "public"."Outlet"."status", "public"."Outlet"."dailyRevenue", "public"."Outlet"."staffCount", "public"."Outlet"."franchiseOwnerId", "public"."Outlet"."createdAt" FROM "public"."Outlet" WHERE ("public"."Outlet"."id" = $1 AND 1=1) LIMIT $2 OFFSET $3
prisma:query SELECT "public"."Outlet"."id", "public"."Outlet"."hotelId", "public"."Outlet"."name", "public"."Outlet"."slug", "public"."Outlet"."address", "public"."Outlet"."phone", "public"."Outlet"."billNote", "public"."Outlet"."kotNote", "public"."Outlet"."status", "public"."Outlet"."dailyRevenue", "public"."Outlet"."staffCount", "public"."Outlet"."franchiseOwnerId", "public"."Outlet"."createdAt" FROM "public"."Outlet" WHERE ("public"."Outlet"."id" = $1 AND 1=1) LIMIT $2 OFFSET $3
prisma:query SELECT "public"."MenuItem"."id", "public"."MenuItem"."outletId", "public"."MenuItem"."name", "public"."MenuItem"."category", "public"."MenuItem"."price", "public"."MenuItem"."description", "public"."MenuItem"."kitchenNote", "public"."MenuItem"."billNote", "public"."MenuItem"."prepTime", "public"."MenuItem"."available", "public"."MenuItem"."trackStock", "public"."MenuItem"."stockQuantity", "public"."MenuItem"."lowStockThreshold" FROM "public"."MenuItem" WHERE "public"."MenuItem"."outletId" = $1 ORDER BY "public"."MenuItem"."category" ASC, "public"."MenuItem"."name" ASC OFFSET $2
 GET /api/menu?hotelId=KHANDOLI-MAIN 200 in 189ms (next.js: 2ms, application-code: 187ms)
prisma:query SELECT "public"."Order"."id", "public"."Order"."outletId", "public"."Order"."tableNumber", "public"."Order"."billNumber", "public"."Order"."waiterName", "public"."Order"."status"::text, "public"."Order"."totalAmount", "public"."Order"."discount", "public"."Order"."notes", "public"."Order"."createdAt", "public"."Order"."updatedAt", "public"."Order"."completedAt", "public"."Order"."billedAt" FROM "public"."Order" WHERE ("public"."Order"."outletId" = $1 AND "public"."Order"."status" IN (CAST($2::text AS "public"."OrderStatus"),CAST($3::text AS "public"."OrderStatus"))) ORDER BY "public"."Order"."createdAt" ASC OFFSET $4
 GET /api/orders?hotelId=KHANDOLI-MAIN 200 in 209ms (next.js: 6ms, application-code: 203ms)
prisma:query SELECT "public"."Table"."id", "public"."Table"."outletId", "public"."Table"."number", "public"."Table"."label", "public"."Table"."section", "public"."Table"."capacity", "public"."Table"."status", "public"."Table"."currentOrderId" FROM "public"."Table" WHERE "public"."Table"."outletId" = $1 ORDER BY "public"."Table"."section" ASC, "public"."Table"."number" ASC OFFSET $2
 GET /api/tables?hotelId=KHANDOLI-MAIN 200 in 224ms (next.js: 2ms, application-code: 222ms)
 GET /kitchen 200 in 39ms (next.js: 3ms, proxy.ts: 5ms, application-code: 31ms)
prisma:query SELECT 1
prisma:query SELECT 1
prisma:query SELECT 1
prisma:query SELECT "public"."MachineCredential"."id", "public"."MachineCredential"."isOnline", "public"."MachineCredential"."lastHeartbeat" FROM "public"."MachineCredential" WHERE ("public"."MachineCredential"."outletId" = $1 AND 1=1) LIMIT $2 OFFSET $3
 GET /api/machine/status 200 in 185ms (next.js: 2.0ms, application-code: 183ms)
prisma:query SELECT "public"."Outlet"."id", "public"."Outlet"."hotelId", "public"."Outlet"."name", "public"."Outlet"."slug", "public"."Outlet"."address", "public"."Outlet"."phone", "public"."Outlet"."billNote", "public"."Outlet"."kotNote", "public"."Outlet"."status", "public"."Outlet"."dailyRevenue", "public"."Outlet"."staffCount", "public"."Outlet"."franchiseOwnerId", "public"."Outlet"."createdAt" FROM "public"."Outlet" WHERE ("public"."Outlet"."id" = $1 AND 1=1) LIMIT $2 OFFSET $3
prisma:query SELECT "public"."Outlet"."id", "public"."Outlet"."hotelId", "public"."Outlet"."name", "public"."Outlet"."slug", "public"."Outlet"."address", "public"."Outlet"."phone", "public"."Outlet"."billNote", "public"."Outlet"."kotNote", "public"."Outlet"."status", "public"."Outlet"."dailyRevenue", "public"."Outlet"."staffCount", "public"."Outlet"."franchiseOwnerId", "public"."Outlet"."createdAt" FROM "public"."Outlet" WHERE ("public"."Outlet"."id" = $1 AND 1=1) LIMIT $2 OFFSET $3
prisma:query SELECT "public"."Order"."id", "public"."Order"."outletId", "public"."Order"."tableNumber", "public"."Order"."billNumber", "public"."Order"."waiterName", "public"."Order"."status"::text, "public"."Order"."totalAmount", "public"."Order"."discount", "public"."Order"."notes", "public"."Order"."createdAt", "public"."Order"."updatedAt", "public"."Order"."completedAt", "public"."Order"."billedAt" FROM "public"."Order" WHERE ("public"."Order"."outletId" = $1 AND "public"."Order"."status" IN (CAST($2::text AS "public"."OrderStatus"),CAST($3::text AS "public"."OrderStatus"))) ORDER BY "public"."Order"."createdAt" ASC OFFSET $4
 GET /api/orders 200 in 284ms (next.js: 7ms, application-code: 277ms)
prisma:query SELECT "public"."Order"."id", "public"."Order"."outletId", "public"."Order"."tableNumber", "public"."Order"."billNumber", "public"."Order"."waiterName", "public"."Order"."status"::text, "public"."Order"."totalAmount", "public"."Order"."discount", "public"."Order"."notes", "public"."Order"."createdAt", "public"."Order"."updatedAt", "public"."Order"."completedAt", "public"."Order"."billedAt" FROM "public"."Order" WHERE ("public"."Order"."outletId" = $1 AND "public"."Order"."status" IN (CAST($2::text AS "public"."OrderStatus"),CAST($3::text AS "public"."OrderStatus"))) ORDER BY "public"."Order"."createdAt" ASC OFFSET $4
 GET /api/orders 200 in 313ms (next.js: 3ms, application-code: 310ms)
prisma:query SELECT "public"."MachineCredential"."id" FROM "public"."MachineCredential" WHERE ("public"."MachineCredential"."outletId" = $1 AND 1=1) LIMIT $2 OFFSET $3
prisma:query UPDATE "public"."MachineCredential" SET "isOnline" = $1, "lastHeartbeat" = $2, "updatedAt" = $3 WHERE ("public"."MachineCredential"."id" = $4 AND 1=1) RETURNING "public"."MachineCredential"."id", "public"."MachineCredential"."outletId", "public"."MachineCredential"."machineEmail", "public"."MachineCredential"."passwordHash", "public"."MachineCredential"."apiToken", "public"."MachineCredential"."isOnline", "public"."MachineCredential"."lastHeartbeat", "public"."MachineCredential"."passwordLastRotatedAt", "public"."MachineCredential"."createdAt", "public"."MachineCredential"."updatedAt"
 POST /api/machine/heartbeat 200 in 197ms (next.js: 3ms, application-code: 194ms)
 GET /kitchen 200 in 37ms (next.js: 3ms, proxy.ts: 3ms, application-code: 31ms)
prisma:query SELECT "public"."MachineCredential"."id", "public"."MachineCredential"."isOnline", "public"."MachineCredential"."lastHeartbeat" FROM "public"."MachineCredential" WHERE ("public"."MachineCredential"."outletId" = $1 AND 1=1) LIMIT $2 OFFSET $3
 GET /api/machine/status 200 in 104ms (next.js: 1.4ms, application-code: 102ms)
prisma:query SELECT "public"."Outlet"."id", "public"."Outlet"."hotelId", "public"."Outlet"."name", "public"."Outlet"."slug", "public"."Outlet"."address", "public"."Outlet"."phone", "public"."Outlet"."billNote", "public"."Outlet"."kotNote", "public"."Outlet"."status", "public"."Outlet"."dailyRevenue", "public"."Outlet"."staffCount", "public"."Outlet"."franchiseOwnerId", "public"."Outlet"."createdAt" FROM "public"."Outlet" WHERE ("public"."Outlet"."id" = $1 AND 1=1) LIMIT $2 OFFSET $3
prisma:query SELECT "public"."Outlet"."id", "public"."Outlet"."hotelId", "public"."Outlet"."name", "public"."Outlet"."slug", "public"."Outlet"."address", "public"."Outlet"."phone", "public"."Outlet"."billNote", "public"."Outlet"."kotNote", "public"."Outlet"."status", "public"."Outlet"."dailyRevenue", "public"."Outlet"."staffCount", "public"."Outlet"."franchiseOwnerId", "public"."Outlet"."createdAt" FROM "public"."Outlet" WHERE ("public"."Outlet"."id" = $1 AND 1=1) LIMIT $2 OFFSET $3
prisma:query SELECT "public"."Order"."id", "public"."Order"."outletId", "public"."Order"."tableNumber", "public"."Order"."billNumber", "public"."Order"."waiterName", "public"."Order"."status"::text, "public"."Order"."totalAmount", "public"."Order"."discount", "public"."Order"."notes", "public"."Order"."createdAt", "public"."Order"."updatedAt", "public"."Order"."completedAt", "public"."Order"."billedAt" FROM "public"."Order" WHERE ("public"."Order"."outletId" = $1 AND "public"."Order"."status" IN (CAST($2::text AS "public"."OrderStatus"),CAST($3::text AS "public"."OrderStatus"))) ORDER BY "public"."Order"."createdAt" ASC OFFSET $4
 GET /api/orders 200 in 213ms (next.js: 4ms, application-code: 209ms)
prisma:query SELECT "public"."Order"."id", "public"."Order"."outletId", "public"."Order"."tableNumber", "public"."Order"."billNumber", "public"."Order"."waiterName", "public"."Order"."status"::text, "public"."Order"."totalAmount", "public"."Order"."discount", "public"."Order"."notes", "public"."Order"."createdAt", "public"."Order"."updatedAt", "public"."Order"."completedAt", "public"."Order"."billedAt" FROM "public"."Order" WHERE ("public"."Order"."outletId" = $1 AND "public"."Order"."status" IN (CAST($2::text AS "public"."OrderStatus"),CAST($3::text AS "public"."OrderStatus"))) ORDER BY "public"."Order"."createdAt" ASC OFFSET $4
 GET /api/orders 200 in 217ms (next.js: 9ms, application-code: 207ms)
prisma:query SELECT "public"."Outlet"."id", "public"."Outlet"."hotelId", "public"."Outlet"."name", "public"."Outlet"."slug", "public"."Outlet"."address", "public"."Outlet"."phone", "public"."Outlet"."billNote", "public"."Outlet"."kotNote", "public"."Outlet"."status", "public"."Outlet"."dailyRevenue", "public"."Outlet"."staffCount", "public"."Outlet"."franchiseOwnerId", "public"."Outlet"."createdAt" FROM "public"."Outlet" WHERE ("public"."Outlet"."id" = $1 AND 1=1) LIMIT $2 OFFSET $3
prisma:query SELECT "public"."Outlet"."id", "public"."Outlet"."hotelId", "public"."Outlet"."name", "public"."Outlet"."slug", "public"."Outlet"."address", "public"."Outlet"."phone", "public"."Outlet"."billNote", "public"."Outlet"."kotNote", "public"."Outlet"."status", "public"."Outlet"."dailyRevenue", "public"."Outlet"."staffCount", "public"."Outlet"."franchiseOwnerId", "public"."Outlet"."createdAt" FROM "public"."Outlet" WHERE ("public"."Outlet"."id" = $1 AND 1=1) LIMIT $2 OFFSET $3
prisma:query SELECT 1
prisma:query SELECT "public"."Outlet"."id", "public"."Outlet"."hotelId", "public"."Outlet"."name", "public"."Outlet"."slug", "public"."Outlet"."address", "public"."Outlet"."phone", "public"."Outlet"."billNote", "public"."Outlet"."kotNote", "public"."Outlet"."status", "public"."Outlet"."dailyRevenue", "public"."Outlet"."staffCount", "public"."Outlet"."franchiseOwnerId", "public"."Outlet"."createdAt" FROM "public"."Outlet" WHERE ("public"."Outlet"."id" = $1 AND 1=1) LIMIT $2 OFFSET $3
prisma:query SELECT "public"."MenuItem"."id", "public"."MenuItem"."outletId", "public"."MenuItem"."name", "public"."MenuItem"."category", "public"."MenuItem"."price", "public"."MenuItem"."description", "public"."MenuItem"."kitchenNote", "public"."MenuItem"."billNote", "public"."MenuItem"."prepTime", "public"."MenuItem"."available", "public"."MenuItem"."trackStock", "public"."MenuItem"."stockQuantity", "public"."MenuItem"."lowStockThreshold" FROM "public"."MenuItem" WHERE "public"."MenuItem"."outletId" = $1 ORDER BY "public"."MenuItem"."category" ASC, "public"."MenuItem"."name" ASC OFFSET $2
 GET /api/menu?hotelId=KHANDOLI-MAIN 200 in 285ms (next.js: 8ms, application-code: 277ms)
prisma:query SELECT "public"."Outlet"."id", "public"."Outlet"."hotelId", "public"."Outlet"."name", "public"."Outlet"."slug", "public"."Outlet"."address", "public"."Outlet"."phone", "public"."Outlet"."billNote", "public"."Outlet"."kotNote", "public"."Outlet"."status", "public"."Outlet"."dailyRevenue", "public"."Outlet"."staffCount", "public"."Outlet"."franchiseOwnerId", "public"."Outlet"."createdAt" FROM "public"."Outlet" WHERE ("public"."Outlet"."id" = $1 AND 1=1) LIMIT $2 OFFSET $3
prisma:query SELECT "public"."Table"."id", "public"."Table"."outletId", "public"."Table"."number", "public"."Table"."label", "public"."Table"."section", "public"."Table"."capacity", "public"."Table"."status", "public"."Table"."currentOrderId" FROM "public"."Table" WHERE "public"."Table"."outletId" = $1 ORDER BY "public"."Table"."section" ASC, "public"."Table"."number" ASC OFFSET $2
prisma:query SELECT "public"."Order"."id", "public"."Order"."outletId", "public"."Order"."tableNumber", "public"."Order"."billNumber", "public"."Order"."waiterName", "public"."Order"."status"::text, "public"."Order"."totalAmount", "public"."Order"."discount", "public"."Order"."notes", "public"."Order"."createdAt", "public"."Order"."updatedAt", "public"."Order"."completedAt", "public"."Order"."billedAt" FROM "public"."Order" WHERE ("public"."Order"."outletId" = $1 AND "public"."Order"."status" IN (CAST($2::text AS "public"."OrderStatus"),CAST($3::text AS "public"."OrderStatus"))) ORDER BY "public"."Order"."createdAt" ASC OFFSET $4
 GET /api/tables?hotelId=KHANDOLI-MAIN 200 in 302ms (next.js: 3ms, application-code: 299ms)
 GET /api/orders?hotelId=KHANDOLI-MAIN 200 in 302ms (next.js: 6ms, application-code: 296ms)
prisma:query SELECT "public"."MenuItem"."id", "public"."MenuItem"."outletId", "public"."MenuItem"."name", "public"."MenuItem"."category", "public"."MenuItem"."price", "public"."MenuItem"."description", "public"."MenuItem"."kitchenNote", "public"."MenuItem"."billNote", "public"."MenuItem"."prepTime", "public"."MenuItem"."available", "public"."MenuItem"."trackStock", "public"."MenuItem"."stockQuantity", "public"."MenuItem"."lowStockThreshold" FROM "public"."MenuItem" WHERE ("public"."MenuItem"."outletId" = $1 AND "public"."MenuItem"."id" IN ($2,$3,$4,$5) AND "public"."MenuItem"."available" = $6) OFFSET $7
prisma:query SELECT "public"."Order"."id", "public"."Order"."outletId", "public"."Order"."tableNumber", "public"."Order"."billNumber", "public"."Order"."waiterName", "public"."Order"."status"::text, "public"."Order"."totalAmount", "public"."Order"."discount", "public"."Order"."notes", "public"."Order"."createdAt", "public"."Order"."updatedAt", "public"."Order"."completedAt", "public"."Order"."billedAt" FROM "public"."Order" WHERE ("public"."Order"."id" = $1 AND 1=1) LIMIT $2 OFFSET $3
prisma:query SELECT "public"."OrderItem"."id", "public"."OrderItem"."orderId", "public"."OrderItem"."menuItemId", "public"."OrderItem"."name", "public"."OrderItem"."category", "public"."OrderItem"."price", "public"."OrderItem"."quantity", "public"."OrderItem"."status" FROM "public"."OrderItem" WHERE "public"."OrderItem"."orderId" IN ($1) OFFSET $2
prisma:query BEGIN
prisma:query INSERT INTO "public"."OrderItem" ("id","orderId","menuItemId","name","category","price","quantity","status") VALUES ($1,$2,$3,$4,$5,$6,$7,$8), ($9,$10,$11,$12,$13,$14,$15,$16), ($17,$18,$19,$20,$21,$22,$23,$24), ($25,$26,$27,$28,$29,$30,$31,$32)
prisma:query UPDATE "public"."Order" SET "totalAmount" = $1, "status" = CAST($2::text AS "public"."OrderStatus"), "updatedAt" = $3 WHERE ("public"."Order"."id" = $4 AND 1=1) RETURNING "public"."Order"."id", "public"."Order"."outletId", "public"."Order"."tableNumber", "public"."Order"."billNumber", "public"."Order"."waiterName", "public"."Order"."status"::text, "public"."Order"."totalAmount", "public"."Order"."discount", "public"."Order"."notes", "public"."Order"."createdAt", "public"."Order"."updatedAt", "public"."Order"."completedAt", "public"."Order"."billedAt"
prisma:query SELECT "public"."Order"."id", "public"."Order"."outletId", "public"."Order"."tableNumber", "public"."Order"."billNumber", "public"."Order"."waiterName", "public"."Order"."status"::text, "public"."Order"."totalAmount", "public"."Order"."discount", "public"."Order"."notes", "public"."Order"."createdAt", "public"."Order"."updatedAt", "public"."Order"."completedAt", "public"."Order"."billedAt" FROM "public"."Order" WHERE "public"."Order"."id" = $1 LIMIT $2 OFFSET $3
prisma:query SELECT "public"."OrderItem"."id", "public"."OrderItem"."orderId", "public"."OrderItem"."menuItemId", "public"."OrderItem"."name", "public"."OrderItem"."category", "public"."OrderItem"."price", "public"."OrderItem"."quantity", "public"."OrderItem"."status" FROM "public"."OrderItem" WHERE "public"."OrderItem"."orderId" IN ($1) OFFSET $2
prisma:query COMMIT
 POST /api/orders 200 in 1487ms (next.js: 1.4ms, application-code: 1485ms)
prisma:query SELECT "public"."Outlet"."id", "public"."Outlet"."hotelId", "public"."Outlet"."name", "public"."Outlet"."slug", "public"."Outlet"."address", "public"."Outlet"."phone", "public"."Outlet"."billNote", "public"."Outlet"."kotNote", "public"."Outlet"."status", "public"."Outlet"."dailyRevenue", "public"."Outlet"."staffCount", "public"."Outlet"."franchiseOwnerId", "public"."Outlet"."createdAt" FROM "public"."Outlet" WHERE ("public"."Outlet"."id" = $1 AND 1=1) LIMIT $2 OFFSET $3
prisma:query SELECT "public"."Outlet"."id", "public"."Outlet"."hotelId", "public"."Outlet"."name", "public"."Outlet"."slug", "public"."Outlet"."address", "public"."Outlet"."phone", "public"."Outlet"."billNote", "public"."Outlet"."kotNote", "public"."Outlet"."status", "public"."Outlet"."dailyRevenue", "public"."Outlet"."staffCount", "public"."Outlet"."franchiseOwnerId", "public"."Outlet"."createdAt" FROM "public"."Outlet" WHERE ("public"."Outlet"."id" = $1 AND 1=1) LIMIT $2 OFFSET $3
prisma:query SELECT "public"."Outlet"."id", "public"."Outlet"."hotelId", "public"."Outlet"."name", "public"."Outlet"."slug", "public"."Outlet"."address", "public"."Outlet"."phone", "public"."Outlet"."billNote", "public"."Outlet"."kotNote", "public"."Outlet"."status", "public"."Outlet"."dailyRevenue", "public"."Outlet"."staffCount", "public"."Outlet"."franchiseOwnerId", "public"."Outlet"."createdAt" FROM "public"."Outlet" WHERE ("public"."Outlet"."id" = $1 AND 1=1) LIMIT $2 OFFSET $3
prisma:query SELECT "public"."Table"."id", "public"."Table"."outletId", "public"."Table"."number", "public"."Table"."label", "public"."Table"."section", "public"."Table"."capacity", "public"."Table"."status", "public"."Table"."currentOrderId" FROM "public"."Table" WHERE "public"."Table"."outletId" = $1 ORDER BY "public"."Table"."section" ASC, "public"."Table"."number" ASC OFFSET $2
 GET /api/tables 200 in 208ms (next.js: 1.8ms, application-code: 206ms)
 GET /kitchen 200 in 36ms (next.js: 3ms, proxy.ts: 4ms, application-code: 29ms)
prisma:query SELECT "public"."MenuItem"."id", "public"."MenuItem"."outletId", "public"."MenuItem"."name", "public"."MenuItem"."category", "public"."MenuItem"."price", "public"."MenuItem"."description", "public"."MenuItem"."kitchenNote", "public"."MenuItem"."billNote", "public"."MenuItem"."prepTime", "public"."MenuItem"."available", "public"."MenuItem"."trackStock", "public"."MenuItem"."stockQuantity", "public"."MenuItem"."lowStockThreshold" FROM "public"."MenuItem" WHERE "public"."MenuItem"."outletId" = $1 ORDER BY "public"."MenuItem"."category" ASC, "public"."MenuItem"."name" ASC OFFSET $2
prisma:query SELECT "public"."Order"."id", "public"."Order"."outletId", "public"."Order"."tableNumber", "public"."Order"."billNumber", "public"."Order"."waiterName", "public"."Order"."status"::text, "public"."Order"."totalAmount", "public"."Order"."discount", "public"."Order"."notes", "public"."Order"."createdAt", "public"."Order"."updatedAt", "public"."Order"."completedAt", "public"."Order"."billedAt" FROM "public"."Order" WHERE ("public"."Order"."outletId" = $1 AND "public"."Order"."status" IN (CAST($2::text AS "public"."OrderStatus"),CAST($3::text AS "public"."OrderStatus"))) ORDER BY "public"."Order"."createdAt" ASC OFFSET $4
 GET /api/menu 200 in 266ms (next.js: 6ms, application-code: 259ms)
prisma:query SELECT "public"."OrderItem"."id", "public"."OrderItem"."orderId", "public"."OrderItem"."menuItemId", "public"."OrderItem"."name", "public"."OrderItem"."category", "public"."OrderItem"."price", "public"."OrderItem"."quantity", "public"."OrderItem"."status" FROM "public"."OrderItem" WHERE "public"."OrderItem"."orderId" IN ($1) OFFSET $2
 GET /api/orders 200 in 355ms (next.js: 4ms, application-code: 351ms)
prisma:query SELECT "public"."Outlet"."id", "public"."Outlet"."hotelId", "public"."Outlet"."name", "public"."Outlet"."slug", "public"."Outlet"."address", "public"."Outlet"."phone", "public"."Outlet"."billNote", "public"."Outlet"."kotNote", "public"."Outlet"."status", "public"."Outlet"."dailyRevenue", "public"."Outlet"."staffCount", "public"."Outlet"."franchiseOwnerId", "public"."Outlet"."createdAt" FROM "public"."Outlet" WHERE ("public"."Outlet"."id" = $1 AND 1=1) LIMIT $2 OFFSET $3
prisma:query SELECT "public"."MachineCredential"."id", "public"."MachineCredential"."isOnline", "public"."MachineCredential"."lastHeartbeat" FROM "public"."MachineCredential" WHERE ("public"."MachineCredential"."outletId" = $1 AND 1=1) LIMIT $2 OFFSET $3
prisma:query SELECT "public"."Outlet"."id", "public"."Outlet"."hotelId", "public"."Outlet"."name", "public"."Outlet"."slug", "public"."Outlet"."address", "public"."Outlet"."phone", "public"."Outlet"."billNote", "public"."Outlet"."kotNote", "public"."Outlet"."status", "public"."Outlet"."dailyRevenue", "public"."Outlet"."staffCount", "public"."Outlet"."franchiseOwnerId", "public"."Outlet"."createdAt" FROM "public"."Outlet" WHERE ("public"."Outlet"."id" = $1 AND 1=1) LIMIT $2 OFFSET $3
 GET /api/machine/status 200 in 88ms (next.js: 1.4ms, application-code: 87ms)
prisma:query SELECT "public"."Order"."id", "public"."Order"."outletId", "public"."Order"."tableNumber", "public"."Order"."billNumber", "public"."Order"."waiterName", "public"."Order"."status"::text, "public"."Order"."totalAmount", "public"."Order"."discount", "public"."Order"."notes", "public"."Order"."createdAt", "public"."Order"."updatedAt", "public"."Order"."completedAt", "public"."Order"."billedAt" FROM "public"."Order" WHERE ("public"."Order"."outletId" = $1 AND "public"."Order"."status" IN (CAST($2::text AS "public"."OrderStatus"),CAST($3::text AS "public"."OrderStatus"))) ORDER BY "public"."Order"."createdAt" ASC OFFSET $4
prisma:query SELECT "public"."Order"."id", "public"."Order"."outletId", "public"."Order"."tableNumber", "public"."Order"."billNumber", "public"."Order"."waiterName", "public"."Order"."status"::text, "public"."Order"."totalAmount", "public"."Order"."discount", "public"."Order"."notes", "public"."Order"."createdAt", "public"."Order"."updatedAt", "public"."Order"."completedAt", "public"."Order"."billedAt" FROM "public"."Order" WHERE ("public"."Order"."outletId" = $1 AND "public"."Order"."status" IN (CAST($2::text AS "public"."OrderStatus"),CAST($3::text AS "public"."OrderStatus"))) ORDER BY "public"."Order"."createdAt" ASC OFFSET $4
prisma:query SELECT "public"."OrderItem"."id", "public"."OrderItem"."orderId", "public"."OrderItem"."menuItemId", "public"."OrderItem"."name", "public"."OrderItem"."category", "public"."OrderItem"."price", "public"."OrderItem"."quantity", "public"."OrderItem"."status" FROM "public"."OrderItem" WHERE "public"."OrderItem"."orderId" IN ($1) OFFSET $2
 GET /api/orders 200 in 274ms (next.js: 6ms, application-code: 268ms)
prisma:query SELECT "public"."OrderItem"."id", "public"."OrderItem"."orderId", "public"."OrderItem"."menuItemId", "public"."OrderItem"."name", "public"."OrderItem"."category", "public"."OrderItem"."price", "public"."OrderItem"."quantity", "public"."OrderItem"."status" FROM "public"."OrderItem" WHERE "public"."OrderItem"."orderId" IN ($1) OFFSET $2
 GET /api/orders 200 in 289ms (next.js: 3ms, application-code: 286ms)
prisma:query SELECT 1
prisma:query SELECT "public"."MachineCredential"."id" FROM "public"."MachineCredential" WHERE ("public"."MachineCredential"."outletId" = $1 AND 1=1) LIMIT $2 OFFSET $3
prisma:query UPDATE "public"."MachineCredential" SET "isOnline" = $1, "lastHeartbeat" = $2, "updatedAt" = $3 WHERE ("public"."MachineCredential"."id" = $4 AND 1=1) RETURNING "public"."MachineCredential"."id", "public"."MachineCredential"."outletId", "public"."MachineCredential"."machineEmail", "public"."MachineCredential"."passwordHash", "public"."MachineCredential"."apiToken", "public"."MachineCredential"."isOnline", "public"."MachineCredential"."lastHeartbeat", "public"."MachineCredential"."passwordLastRotatedAt", "public"."MachineCredential"."createdAt", "public"."MachineCredential"."updatedAt"
 POST /api/machine/heartbeat 200 in 292ms (next.js: 2ms, application-code: 290ms)
prisma:query SELECT "public"."MachineCredential"."id", "public"."MachineCredential"."isOnline", "public"."MachineCredential"."lastHeartbeat" FROM "public"."MachineCredential" WHERE ("public"."MachineCredential"."outletId" = $1 AND 1=1) LIMIT $2 OFFSET $3
 GET /api/machine/status 200 in 194ms (next.js: 1.9ms, application-code: 192ms)
prisma:query SELECT 1
prisma:query SELECT "public"."MachineCredential"."id" FROM "public"."MachineCredential" WHERE ("public"."MachineCredential"."outletId" = $1 AND 1=1) LIMIT $2 OFFSET $3
prisma:query UPDATE "public"."MachineCredential" SET "isOnline" = $1, "lastHeartbeat" = $2, "updatedAt" = $3 WHERE ("public"."MachineCredential"."id" = $4 AND 1=1) RETURNING "public"."MachineCredential"."id", "public"."MachineCredential"."outletId", "public"."MachineCredential"."machineEmail", "public"."MachineCredential"."passwordHash", "public"."MachineCredential"."apiToken", "public"."MachineCredential"."isOnline", "public"."MachineCredential"."lastHeartbeat", "public"."MachineCredential"."passwordLastRotatedAt", "public"."MachineCredential"."createdAt", "public"."MachineCredential"."updatedAt"
 POST /api/machine/heartbeat 200 in 338ms (next.js: 1.6ms, application-code: 336ms)
prisma:query SELECT 1
prisma:query SELECT "public"."Outlet"."id", "public"."Outlet"."hotelId", "public"."Outlet"."name", "public"."Outlet"."slug", "public"."Outlet"."address", "public"."Outlet"."phone", "public"."Outlet"."billNote", "public"."Outlet"."kotNote", "public"."Outlet"."status", "public"."Outlet"."dailyRevenue", "public"."Outlet"."staffCount", "public"."Outlet"."franchiseOwnerId", "public"."Outlet"."createdAt" FROM "public"."Outlet" WHERE ("public"."Outlet"."id" = $1 AND 1=1) LIMIT $2 OFFSET $3
prisma:query SELECT "public"."Order"."id", "public"."Order"."outletId", "public"."Order"."tableNumber", "public"."Order"."billNumber", "public"."Order"."waiterName", "public"."Order"."status"::text, "public"."Order"."totalAmount", "public"."Order"."discount", "public"."Order"."notes", "public"."Order"."createdAt", "public"."Order"."updatedAt", "public"."Order"."completedAt", "public"."Order"."billedAt" FROM "public"."Order" WHERE ("public"."Order"."id" = $1 AND 1=1) LIMIT $2 OFFSET $3
prisma:query SELECT "public"."Order"."id", "public"."Order"."outletId", "public"."Order"."tableNumber", "public"."Order"."billNumber", "public"."Order"."waiterName", "public"."Order"."status"::text, "public"."Order"."totalAmount", "public"."Order"."discount", "public"."Order"."notes", "public"."Order"."createdAt", "public"."Order"."updatedAt", "public"."Order"."completedAt", "public"."Order"."billedAt" FROM "public"."Order" WHERE ("public"."Order"."outletId" = $1 AND "public"."Order"."status" IN (CAST($2::text AS "public"."OrderStatus"),CAST($3::text AS "public"."OrderStatus"))) ORDER BY "public"."Order"."createdAt" ASC OFFSET $4
prisma:query SELECT "public"."OrderItem"."id", "public"."OrderItem"."orderId", "public"."OrderItem"."menuItemId", "public"."OrderItem"."name", "public"."OrderItem"."category", "public"."OrderItem"."price", "public"."OrderItem"."quantity", "public"."OrderItem"."status" FROM "public"."OrderItem" WHERE "public"."OrderItem"."orderId" IN ($1) OFFSET $2
 GET /api/orders 200 in 284ms (next.js: 3ms, application-code: 281ms)
prisma:query SELECT "public"."Outlet"."id", "public"."Outlet"."hotelId", "public"."Outlet"."name", "public"."Outlet"."slug", "public"."Outlet"."address", "public"."Outlet"."phone", "public"."Outlet"."billNote", "public"."Outlet"."kotNote", "public"."Outlet"."status", "public"."Outlet"."dailyRevenue", "public"."Outlet"."staffCount", "public"."Outlet"."franchiseOwnerId", "public"."Outlet"."createdAt" FROM "public"."Outlet" WHERE "public"."Outlet"."id" IN ($1) OFFSET $2
prisma:query SELECT "public"."OrderItem"."id", "public"."OrderItem"."orderId", "public"."OrderItem"."menuItemId", "public"."OrderItem"."name", "public"."OrderItem"."category", "public"."OrderItem"."price", "public"."OrderItem"."quantity", "public"."OrderItem"."status" FROM "public"."OrderItem" WHERE "public"."OrderItem"."orderId" IN ($1) OFFSET $2
prisma:query SELECT "public"."Outlet"."id", "public"."Outlet"."hotelId", "public"."Outlet"."name", "public"."Outlet"."slug", "public"."Outlet"."address", "public"."Outlet"."phone", "public"."Outlet"."billNote", "public"."Outlet"."kotNote", "public"."Outlet"."status", "public"."Outlet"."dailyRevenue", "public"."Outlet"."staffCount", "public"."Outlet"."franchiseOwnerId", "public"."Outlet"."createdAt" FROM "public"."Outlet" WHERE ("public"."Outlet"."id" = $1 AND 1=1) LIMIT $2 OFFSET $3
prisma:query BEGIN
prisma:query UPDATE "public"."OrderItem" SET "status" = $1 WHERE "public"."OrderItem"."orderId" = $2
prisma:query UPDATE "public"."Order" SET "status" = CAST($1::text AS "public"."OrderStatus"), "completedAt" = $2, "updatedAt" = $3 WHERE ("public"."Order"."id" = $4 AND 1=1) RETURNING "public"."Order"."id", "public"."Order"."outletId", "public"."Order"."tableNumber", "public"."Order"."billNumber", "public"."Order"."waiterName", "public"."Order"."status"::text, "public"."Order"."totalAmount", "public"."Order"."discount", "public"."Order"."notes", "public"."Order"."createdAt", "public"."Order"."updatedAt", "public"."Order"."completedAt", "public"."Order"."billedAt"
prisma:query SELECT "public"."Order"."id", "public"."Order"."outletId", "public"."Order"."tableNumber", "public"."Order"."billNumber", "public"."Order"."waiterName", "public"."Order"."status"::text, "public"."Order"."totalAmount", "public"."Order"."discount", "public"."Order"."notes", "public"."Order"."createdAt", "public"."Order"."updatedAt", "public"."Order"."completedAt", "public"."Order"."billedAt" FROM "public"."Order" WHERE "public"."Order"."id" = $1 LIMIT $2 OFFSET $3
prisma:query SELECT "public"."OrderItem"."id", "public"."OrderItem"."orderId", "public"."OrderItem"."menuItemId", "public"."OrderItem"."name", "public"."OrderItem"."category", "public"."OrderItem"."price", "public"."OrderItem"."quantity", "public"."OrderItem"."status" FROM "public"."OrderItem" WHERE "public"."OrderItem"."orderId" IN ($1) OFFSET $2
prisma:query COMMIT
 PATCH /api/orders 200 in 1280ms (next.js: 7ms, application-code: 1273ms)
prisma:query SELECT "public"."Outlet"."id", "public"."Outlet"."hotelId", "public"."Outlet"."name", "public"."Outlet"."slug", "public"."Outlet"."address", "public"."Outlet"."phone", "public"."Outlet"."billNote", "public"."Outlet"."kotNote", "public"."Outlet"."status", "public"."Outlet"."dailyRevenue", "public"."Outlet"."staffCount", "public"."Outlet"."franchiseOwnerId", "public"."Outlet"."createdAt" FROM "public"."Outlet" WHERE ("public"."Outlet"."id" = $1 AND 1=1) LIMIT $2 OFFSET $3
prisma:query SELECT "public"."Order"."id", "public"."Order"."outletId", "public"."Order"."tableNumber", "public"."Order"."billNumber", "public"."Order"."waiterName", "public"."Order"."status"::text, "public"."Order"."totalAmount", "public"."Order"."discount", "public"."Order"."notes", "public"."Order"."createdAt", "public"."Order"."updatedAt", "public"."Order"."completedAt", "public"."Order"."billedAt" FROM "public"."Order" WHERE ("public"."Order"."outletId" = $1 AND "public"."Order"."status" IN (CAST($2::text AS "public"."OrderStatus"),CAST($3::text AS "public"."OrderStatus"))) ORDER BY "public"."Order"."createdAt" ASC OFFSET $4
prisma:query SELECT "public"."OrderItem"."id", "public"."OrderItem"."orderId", "public"."OrderItem"."menuItemId", "public"."OrderItem"."name", "public"."OrderItem"."category", "public"."OrderItem"."price", "public"."OrderItem"."quantity", "public"."OrderItem"."status" FROM "public"."OrderItem" WHERE "public"."OrderItem"."orderId" IN ($1) OFFSET $2
 GET /api/orders 200 in 267ms (next.js: 1.4ms, application-code: 266ms)
prisma:query SELECT "public"."MachineCredential"."id", "public"."MachineCredential"."isOnline", "public"."MachineCredential"."lastHeartbeat" FROM "public"."MachineCredential" WHERE ("public"."MachineCredential"."outletId" = $1 AND 1=1) LIMIT $2 OFFSET $3
 GET /api/machine/status 200 in 115ms (next.js: 1.2ms, application-code: 114ms)
prisma:query SELECT 1
prisma:query SELECT "public"."MachineCredential"."id" FROM "public"."MachineCredential" WHERE ("public"."MachineCredential"."outletId" = $1 AND 1=1) LIMIT $2 OFFSET $3
prisma:query UPDATE "public"."MachineCredential" SET "isOnline" = $1, "lastHeartbeat" = $2, "updatedAt" = $3 WHERE ("public"."MachineCredential"."id" = $4 AND 1=1) RETURNING "public"."MachineCredential"."id", "public"."MachineCredential"."outletId", "public"."MachineCredential"."machineEmail", "public"."MachineCredential"."passwordHash", "public"."MachineCredential"."apiToken", "public"."MachineCredential"."isOnline", "public"."MachineCredential"."lastHeartbeat", "public"."MachineCredential"."passwordLastRotatedAt", "public"."MachineCredential"."createdAt", "public"."MachineCredential"."updatedAt"
 POST /api/machine/heartbeat 200 in 274ms (next.js: 1.6ms, application-code: 273ms)
prisma:query SELECT "public"."MachineCredential"."id", "public"."MachineCredential"."isOnline", "public"."MachineCredential"."lastHeartbeat" FROM "public"."MachineCredential" WHERE ("public"."MachineCredential"."outletId" = $1 AND 1=1) LIMIT $2 OFFSET $3
 GET /api/machine/status 200 in 99ms (next.js: 1.3ms, application-code: 98ms)
prisma:query SELECT 1
prisma:query SELECT "public"."MachineCredential"."id" FROM "public"."MachineCredential" WHERE ("public"."MachineCredential"."outletId" = $1 AND 1=1) LIMIT $2 OFFSET $3
prisma:query UPDATE "public"."MachineCredential" SET "isOnline" = $1, "lastHeartbeat" = $2, "updatedAt" = $3 WHERE ("public"."MachineCredential"."id" = $4 AND 1=1) RETURNING "public"."MachineCredential"."id", "public"."MachineCredential"."outletId", "public"."MachineCredential"."machineEmail", "public"."MachineCredential"."passwordHash", "public"."MachineCredential"."apiToken", "public"."MachineCredential"."isOnline", "public"."MachineCredential"."lastHeartbeat", "public"."MachineCredential"."passwordLastRotatedAt", "public"."MachineCredential"."createdAt", "public"."MachineCredential"."updatedAt"
 POST /api/machine/heartbeat 200 in 280ms (next.js: 1.5ms, application-code: 279ms)
prisma:query SELECT "public"."MachineCredential"."id", "public"."MachineCredential"."isOnline", "public"."MachineCredential"."lastHeartbeat" FROM "public"."MachineCredential" WHERE ("public"."MachineCredential"."outletId" = $1 AND 1=1) LIMIT $2 OFFSET $3
 GET /api/machine/status 200 in 100ms (next.js: 1.6ms, application-code: 98ms)
prisma:query SELECT 1
prisma:query SELECT "public"."MachineCredential"."id" FROM "public"."MachineCredential" WHERE ("public"."MachineCredential"."outletId" = $1 AND 1=1) LIMIT $2 OFFSET $3
prisma:query UPDATE "public"."MachineCredential" SET "isOnline" = $1, "lastHeartbeat" = $2, "updatedAt" = $3 WHERE ("public"."MachineCredential"."id" = $4 AND 1=1) RETURNING "public"."MachineCredential"."id", "public"."MachineCredential"."outletId", "public"."MachineCredential"."machineEmail", "public"."MachineCredential"."passwordHash", "public"."MachineCredential"."apiToken", "public"."MachineCredential"."isOnline", "public"."MachineCredential"."lastHeartbeat", "public"."MachineCredential"."passwordLastRotatedAt", "public"."MachineCredential"."createdAt", "public"."MachineCredential"."updatedAt"
 POST /api/machine/heartbeat 200 in 277ms (next.js: 1.5ms, application-code: 276ms)
prisma:query SELECT "public"."MachineCredential"."id", "public"."MachineCredential"."isOnline", "public"."MachineCredential"."lastHeartbeat" FROM "public"."MachineCredential" WHERE ("public"."MachineCredential"."outletId" = $1 AND 1=1) LIMIT $2 OFFSET $3
 GET /api/machine/status 200 in 256ms (next.js: 1.8ms, application-code: 254ms)
prisma:query SELECT 1
prisma:query SELECT "public"."MachineCredential"."id", "public"."MachineCredential"."isOnline", "public"."MachineCredential"."lastHeartbeat" FROM "public"."MachineCredential" WHERE ("public"."MachineCredential"."outletId" = $1 AND 1=1) LIMIT $2 OFFSET $3
 GET /api/machine/status 200 in 198ms (next.js: 1.4ms, application-code: 196ms)
prisma:query SELECT 1
prisma:query SELECT "public"."MachineCredential"."id", "public"."MachineCredential"."isOnline", "public"."MachineCredential"."lastHeartbeat" FROM "public"."MachineCredential" WHERE ("public"."MachineCredential"."outletId" = $1 AND 1=1) LIMIT $2 OFFSET $3
 GET /api/machine/status 200 in 172ms (next.js: 2ms, application-code: 169ms)
User disconnected: du2zFc56w1zPxgMeAAAC, reason: ping timeout
prisma:query SELECT "public"."MachineCredential"."id", "public"."MachineCredential"."isOnline", "public"."MachineCredential"."lastHeartbeat" FROM "public"."MachineCredential" WHERE ("public"."MachineCredential"."outletId" = $1 AND 1=1) LIMIT $2 OFFSET $3
 GET /api/machine/status 200 in 1004ms (next.js: 2ms, application-code: 1002ms)
prisma:query SELECT 1
prisma:query SELECT "public"."MachineCredential"."id", "public"."MachineCredential"."isOnline", "public"."MachineCredential"."lastHeartbeat" FROM "public"."MachineCredential" WHERE ("public"."MachineCredential"."outletId" = $1 AND 1=1) LIMIT $2 OFFSET $3
 GET /api/machine/status 200 in 234ms (next.js: 1.5ms, application-code: 233ms)
prisma:query SELECT 1
prisma:query SELECT "public"."MachineCredential"."id", "public"."MachineCredential"."isOnline", "public"."MachineCredential"."lastHeartbeat" FROM "public"."MachineCredential" WHERE ("public"."MachineCredential"."outletId" = $1 AND 1=1) LIMIT $2 OFFSET $3
 GET /api/machine/status 200 in 184ms (next.js: 1.7ms, application-code: 183ms)
prisma:query SELECT 1
prisma:query SELECT "public"."MachineCredential"."id", "public"."MachineCredential"."isOnline", "public"."MachineCredential"."lastHeartbeat" FROM "public"."MachineCredential" WHERE ("public"."MachineCredential"."outletId" = $1 AND 1=1) LIMIT $2 OFFSET $3
 GET /api/machine/status 200 in 181ms (next.js: 1.4ms, application-code: 180ms)
prisma:query SELECT 1
prisma:query SELECT "public"."MachineCredential"."id", "public"."MachineCredential"."isOnline", "public"."MachineCredential"."lastHeartbeat" FROM "public"."MachineCredential" WHERE ("public"."MachineCredential"."outletId" = $1 AND 1=1) LIMIT $2 OFFSET $3
 GET /api/machine/status 200 in 226ms (next.js: 3ms, application-code: 223ms)
prisma:query SELECT 1
prisma:query SELECT "public"."MachineCredential"."id", "public"."MachineCredential"."isOnline", "public"."MachineCredential"."lastHeartbeat" FROM "public"."MachineCredential" WHERE ("public"."MachineCredential"."outletId" = $1 AND 1=1) LIMIT $2 OFFSET $3
 GET /api/machine/status 200 in 194ms (next.js: 1.4ms, application-code: 193ms)
prisma:query SELECT "public"."MachineCredential"."id", "public"."MachineCredential"."isOnline", "public"."MachineCredential"."lastHeartbeat" FROM "public"."MachineCredential" WHERE ("public"."MachineCredential"."outletId" = $1 AND 1=1) LIMIT $2 OFFSET $3
 GET /api/machine/status 200 in 895ms (next.js: 1.6ms, application-code: 893ms)
prisma:query SELECT 1
prisma:query SELECT "public"."MachineCredential"."id", "public"."MachineCredential"."isOnline", "public"."MachineCredential"."lastHeartbeat" FROM "public"."MachineCredential" WHERE ("public"."MachineCredential"."outletId" = $1 AND 1=1) LIMIT $2 OFFSET $3
 GET /api/machine/status 200 in 193ms (next.js: 2ms, application-code: 191ms)
prisma:query SELECT 1
prisma:query SELECT "public"."MachineCredential"."id", "public"."MachineCredential"."isOnline", "public"."MachineCredential"."lastHeartbeat" FROM "public"."MachineCredential" WHERE ("public"."MachineCredential"."outletId" = $1 AND 1=1) LIMIT $2 OFFSET $3
 GET /api/machine/status 200 in 229ms (next.js: 1.4ms, application-code: 228ms)
prisma:query SELECT 1
prisma:query SELECT "public"."MachineCredential"."id", "public"."MachineCredential"."isOnline", "public"."MachineCredential"."lastHeartbeat" FROM "public"."MachineCredential" WHERE ("public"."MachineCredential"."outletId" = $1 AND 1=1) LIMIT $2 OFFSET $3
 GET /api/machine/status 200 in 193ms (next.js: 1.6ms, application-code: 192ms)
prisma:query SELECT 1
prisma:query SELECT "public"."MachineCredential"."id", "public"."MachineCredential"."isOnline", "public"."MachineCredential"."lastHeartbeat" FROM "public"."MachineCredential" WHERE ("public"."MachineCredential"."outletId" = $1 AND 1=1) LIMIT $2 OFFSET $3
 GET /api/machine/status 200 in 173ms (next.js: 1.5ms, application-code: 172ms)
prisma:query SELECT 1
prisma:query SELECT "public"."MachineCredential"."id", "public"."MachineCredential"."isOnline", "public"."MachineCredential"."lastHeartbeat" FROM "public"."MachineCredential" WHERE ("public"."MachineCredential"."outletId" = $1 AND 1=1) LIMIT $2 OFFSET $3
 GET /api/machine/status 200 in 271ms (next.js: 1.8ms, application-code: 269ms)
prisma:query SELECT "public"."MachineCredential"."id", "public"."MachineCredential"."isOnline", "public"."MachineCredential"."lastHeartbeat" FROM "public"."MachineCredential" WHERE ("public"."MachineCredential"."outletId" = $1 AND 1=1) LIMIT $2 OFFSET $3
 GET /api/machine/status 200 in 909ms (next.js: 1.5ms, application-code: 907ms)
prisma:query SELECT 1
prisma:query SELECT "public"."MachineCredential"."id", "public"."MachineCredential"."isOnline", "public"."MachineCredential"."lastHeartbeat" FROM "public"."MachineCredential" WHERE ("public"."MachineCredential"."outletId" = $1 AND 1=1) LIMIT $2 OFFSET $3
 GET /api/machine/status 200 in 200ms (next.js: 1.6ms, application-code: 199ms)
prisma:query SELECT 1
prisma:query SELECT "public"."MachineCredential"."id", "public"."MachineCredential"."isOnline", "public"."MachineCredential"."lastHeartbeat" FROM "public"."MachineCredential" WHERE ("public"."MachineCredential"."outletId" = $1 AND 1=1) LIMIT $2 OFFSET $3
 GET /api/machine/status 200 in 207ms (next.js: 1.4ms, application-code: 206ms)
prisma:query SELECT 1
prisma:query SELECT "public"."MachineCredential"."id", "public"."MachineCredential"."isOnline", "public"."MachineCredential"."lastHeartbeat" FROM "public"."MachineCredential" WHERE ("public"."MachineCredential"."outletId" = $1 AND 1=1) LIMIT $2 OFFSET $3
 GET /api/machine/status 200 in 179ms (next.js: 2ms, application-code: 177ms)
prisma:query SELECT 1
prisma:query SELECT "public"."MachineCredential"."id", "public"."MachineCredential"."isOnline", "public"."MachineCredential"."lastHeartbeat" FROM "public"."MachineCredential" WHERE ("public"."MachineCredential"."outletId" = $1 AND 1=1) LIMIT $2 OFFSET $3
 GET /api/machine/status 200 in 194ms (next.js: 1.7ms, application-code: 192ms)
prisma:query SELECT 1
prisma:query SELECT "public"."MachineCredential"."id", "public"."MachineCredential"."isOnline", "public"."MachineCredential"."lastHeartbeat" FROM "public"."MachineCredential" WHERE ("public"."MachineCredential"."outletId" = $1 AND 1=1) LIMIT $2 OFFSET $3
 GET /api/machine/status 200 in 198ms (next.js: 1.5ms, application-code: 197ms)
prisma:query SELECT "public"."MachineCredential"."id", "public"."MachineCredential"."isOnline", "public"."MachineCredential"."lastHeartbeat" FROM "public"."MachineCredential" WHERE ("public"."MachineCredential"."outletId" = $1 AND 1=1) LIMIT $2 OFFSET $3
 GET /api/machine/status 200 in 864ms (next.js: 1.4ms, application-code: 862ms)
prisma:query SELECT 1
prisma:query SELECT "public"."MachineCredential"."id", "public"."MachineCredential"."isOnline", "public"."MachineCredential"."lastHeartbeat" FROM "public"."MachineCredential" WHERE ("public"."MachineCredential"."outletId" = $1 AND 1=1) LIMIT $2 OFFSET $3
 GET /api/machine/status 200 in 170ms (next.js: 3ms, application-code: 167ms)
prisma:query SELECT 1
prisma:query SELECT "public"."MachineCredential"."id", "public"."MachineCredential"."isOnline", "public"."MachineCredential"."lastHeartbeat" FROM "public"."MachineCredential" WHERE ("public"."MachineCredential"."outletId" = $1 AND 1=1) LIMIT $2 OFFSET $3
 GET /api/machine/status 200 in 209ms (next.js: 2.0ms, application-code: 207ms)
prisma:query SELECT 1
prisma:query SELECT "public"."MachineCredential"."id", "public"."MachineCredential"."isOnline", "public"."MachineCredential"."lastHeartbeat" FROM "public"."MachineCredential" WHERE ("public"."MachineCredential"."outletId" = $1 AND 1=1) LIMIT $2 OFFSET $3
 GET /api/machine/status 200 in 193ms (next.js: 2ms, application-code: 190ms)
prisma:query SELECT 1
prisma:query SELECT "public"."MachineCredential"."id", "public"."MachineCredential"."isOnline", "public"."MachineCredential"."lastHeartbeat" FROM "public"."MachineCredential" WHERE ("public"."MachineCredential"."outletId" = $1 AND 1=1) LIMIT $2 OFFSET $3
 GET /api/machine/status 200 in 166ms (next.js: 2ms, application-code: 163ms)
prisma:query SELECT 1
prisma:query SELECT "public"."MachineCredential"."id", "public"."MachineCredential"."isOnline", "public"."MachineCredential"."lastHeartbeat" FROM "public"."MachineCredential" WHERE ("public"."MachineCredential"."outletId" = $1 AND 1=1) LIMIT $2 OFFSET $3
 GET /api/machine/status 200 in 182ms (next.js: 2ms, application-code: 180ms)
prisma:query SELECT "public"."MachineCredential"."id", "public"."MachineCredential"."isOnline", "public"."MachineCredential"."lastHeartbeat" FROM "public"."MachineCredential" WHERE ("public"."MachineCredential"."outletId" = $1 AND 1=1) LIMIT $2 OFFSET $3
 GET /api/machine/status 200 in 946ms (next.js: 1.5ms, application-code: 945ms)
prisma:query SELECT 1
prisma:query SELECT "public"."MachineCredential"."id", "public"."MachineCredential"."isOnline", "public"."MachineCredential"."lastHeartbeat" FROM "public"."MachineCredential" WHERE ("public"."MachineCredential"."outletId" = $1 AND 1=1) LIMIT $2 OFFSET $3
 GET /api/machine/status 200 in 212ms (next.js: 1.4ms, application-code: 211ms)
prisma:query SELECT 1
prisma:query SELECT "public"."MachineCredential"."id", "public"."MachineCredential"."isOnline", "public"."MachineCredential"."lastHeartbeat" FROM "public"."MachineCredential" WHERE ("public"."MachineCredential"."outletId" = $1 AND 1=1) LIMIT $2 OFFSET $3
 GET /api/machine/status 200 in 212ms (next.js: 2.0ms, application-code: 210ms)
prisma:query SELECT 1
prisma:query SELECT "public"."MachineCredential"."id", "public"."MachineCredential"."isOnline", "public"."MachineCredential"."lastHeartbeat" FROM "public"."MachineCredential" WHERE ("public"."MachineCredential"."outletId" = $1 AND 1=1) LIMIT $2 OFFSET $3
 GET /api/machine/status 200 in 207ms (next.js: 1.5ms, application-code: 206ms)
prisma:query SELECT 1
prisma:query SELECT "public"."MachineCredential"."id", "public"."MachineCredential"."isOnline", "public"."MachineCredential"."lastHeartbeat" FROM "public"."MachineCredential" WHERE ("public"."MachineCredential"."outletId" = $1 AND 1=1) LIMIT $2 OFFSET $3
 GET /api/machine/status 200 in 224ms (next.js: 1.4ms, application-code: 223ms)
prisma:query SELECT 1
prisma:query SELECT "public"."MachineCredential"."id", "public"."MachineCredential"."isOnline", "public"."MachineCredential"."lastHeartbeat" FROM "public"."MachineCredential" WHERE ("public"."MachineCredential"."outletId" = $1 AND 1=1) LIMIT $2 OFFSET $3
 GET /api/machine/status 200 in 191ms (next.js: 1.8ms, application-code: 189ms)
prisma:query SELECT "public"."MachineCredential"."id", "public"."MachineCredential"."isOnline", "public"."MachineCredential"."lastHeartbeat" FROM "public"."MachineCredential" WHERE ("public"."MachineCredential"."outletId" = $1 AND 1=1) LIMIT $2 OFFSET $3
 GET /api/machine/status 200 in 894ms (next.js: 3ms, application-code: 892ms)
prisma:query SELECT 1
prisma:query SELECT "public"."MachineCredential"."id", "public"."MachineCredential"."isOnline", "public"."MachineCredential"."lastHeartbeat" FROM "public"."MachineCredential" WHERE ("public"."MachineCredential"."outletId" = $1 AND 1=1) LIMIT $2 OFFSET $3
 GET /api/machine/status 200 in 192ms (next.js: 2ms, application-code: 190ms)
prisma:query SELECT "public"."MachineCredential"."id" FROM "public"."MachineCredential" WHERE ("public"."MachineCredential"."outletId" = $1 AND 1=1) LIMIT $2 OFFSET $3
prisma:query UPDATE "public"."MachineCredential" SET "isOnline" = $1, "lastHeartbeat" = $2, "updatedAt" = $3 WHERE ("public"."MachineCredential"."id" = $4 AND 1=1) RETURNING "public"."MachineCredential"."id", "public"."MachineCredential"."outletId", "public"."MachineCredential"."machineEmail", "public"."MachineCredential"."passwordHash", "public"."MachineCredential"."apiToken", "public"."MachineCredential"."isOnline", "public"."MachineCredential"."lastHeartbeat", "public"."MachineCredential"."passwordLastRotatedAt", "public"."MachineCredential"."createdAt", "public"."MachineCredential"."updatedAt"
 POST /api/machine/heartbeat 200 in 398ms (next.js: 3ms, application-code: 395ms)
User connected: HBqAMK7vKFsig30dAAAD
prisma:query SELECT 1
prisma:query SELECT "public"."MachineCredential"."id" FROM "public"."MachineCredential" WHERE ("public"."MachineCredential"."outletId" = $1 AND 1=1) LIMIT $2 OFFSET $3
prisma:query UPDATE "public"."MachineCredential" SET "isOnline" = $1, "lastHeartbeat" = $2, "updatedAt" = $3 WHERE ("public"."MachineCredential"."id" = $4 AND 1=1) RETURNING "public"."MachineCredential"."id", "public"."MachineCredential"."outletId", "public"."MachineCredential"."machineEmail", "public"."MachineCredential"."passwordHash", "public"."MachineCredential"."apiToken", "public"."MachineCredential"."isOnline", "public"."MachineCredential"."lastHeartbeat", "public"."MachineCredential"."passwordLastRotatedAt", "public"."MachineCredential"."createdAt", "public"."MachineCredential"."updatedAt"
 POST /api/machine/heartbeat 200 in 293ms (next.js: 1.9ms, application-code: 291ms)
prisma:query SELECT "public"."MachineCredential"."id", "public"."MachineCredential"."isOnline", "public"."MachineCredential"."lastHeartbeat" FROM "public"."MachineCredential" WHERE ("public"."MachineCredential"."outletId" = $1 AND 1=1) LIMIT $2 OFFSET $3
 GET /api/machine/status 200 in 102ms (next.js: 1.5ms, application-code: 101ms)
prisma:query SELECT 1
prisma:query SELECT "public"."MachineCredential"."id" FROM "public"."MachineCredential" WHERE ("public"."MachineCredential"."outletId" = $1 AND 1=1) LIMIT $2 OFFSET $3
prisma:query UPDATE "public"."MachineCredential" SET "isOnline" = $1, "lastHeartbeat" = $2, "updatedAt" = $3 WHERE ("public"."MachineCredential"."id" = $4 AND 1=1) RETURNING "public"."MachineCredential"."id", "public"."MachineCredential"."outletId", "public"."MachineCredential"."machineEmail", "public"."MachineCredential"."passwordHash", "public"."MachineCredential"."apiToken", "public"."MachineCredential"."isOnline", "public"."MachineCredential"."lastHeartbeat", "public"."MachineCredential"."passwordLastRotatedAt", "public"."MachineCredential"."createdAt", "public"."MachineCredential"."updatedAt"
 POST /api/machine/heartbeat 200 in 367ms (next.js: 1.5ms, application-code: 366ms)
prisma:query SELECT "public"."MachineCredential"."id", "public"."MachineCredential"."isOnline", "public"."MachineCredential"."lastHeartbeat" FROM "public"."MachineCredential" WHERE ("public"."MachineCredential"."outletId" = $1 AND 1=1) LIMIT $2 OFFSET $3
 GET /api/machine/status 200 in 119ms (next.js: 1.8ms, application-code: 118ms)
prisma:query SELECT 1
prisma:query SELECT "public"."MachineCredential"."id", "public"."MachineCredential"."isOnline", "public"."MachineCredential"."lastHeartbeat" FROM "public"."MachineCredential" WHERE ("public"."MachineCredential"."outletId" = $1 AND 1=1) LIMIT $2 OFFSET $3
 GET /api/machine/status 200 in 571ms (next.js: 2ms, application-code: 568ms)
prisma:query SELECT "public"."MachineCredential"."id" FROM "public"."MachineCredential" WHERE ("public"."MachineCredential"."outletId" = $1 AND 1=1) LIMIT $2 OFFSET $3
prisma:query UPDATE "public"."MachineCredential" SET "isOnline" = $1, "lastHeartbeat" = $2, "updatedAt" = $3 WHERE ("public"."MachineCredential"."id" = $4 AND 1=1) RETURNING "public"."MachineCredential"."id", "public"."MachineCredential"."outletId", "public"."MachineCredential"."machineEmail", "public"."MachineCredential"."passwordHash", "public"."MachineCredential"."apiToken", "public"."MachineCredential"."isOnline", "public"."MachineCredential"."lastHeartbeat", "public"."MachineCredential"."passwordLastRotatedAt", "public"."MachineCredential"."createdAt", "public"."MachineCredential"."updatedAt"
 POST /api/machine/heartbeat 200 in 1090ms (next.js: 3ms, application-code: 1088ms)
prisma:query SELECT 1
prisma:query SELECT "public"."MachineCredential"."id", "public"."MachineCredential"."isOnline", "public"."MachineCredential"."lastHeartbeat" FROM "public"."MachineCredential" WHERE ("public"."MachineCredential"."outletId" = $1 AND 1=1) LIMIT $2 OFFSET $3
 GET /api/machine/status 200 in 237ms (next.js: 12ms, application-code: 226ms)
prisma:query SELECT "public"."MachineCredential"."id" FROM "public"."MachineCredential" WHERE ("public"."MachineCredential"."outletId" = $1 AND 1=1) LIMIT $2 OFFSET $3
prisma:query UPDATE "public"."MachineCredential" SET "isOnline" = $1, "lastHeartbeat" = $2, "updatedAt" = $3 WHERE ("public"."MachineCredential"."id" = $4 AND 1=1) RETURNING "public"."MachineCredential"."id", "public"."MachineCredential"."outletId", "public"."MachineCredential"."machineEmail", "public"."MachineCredential"."passwordHash", "public"."MachineCredential"."apiToken", "public"."MachineCredential"."isOnline", "public"."MachineCredential"."lastHeartbeat", "public"."MachineCredential"."passwordLastRotatedAt", "public"."MachineCredential"."createdAt", "public"."MachineCredential"."updatedAt"
 POST /api/machine/heartbeat 200 in 199ms (next.js: 3ms, application-code: 195ms)
prisma:query SELECT 1
prisma:query SELECT "public"."MachineCredential"."id", "public"."MachineCredential"."isOnline", "public"."MachineCredential"."lastHeartbeat" FROM "public"."MachineCredential" WHERE ("public"."MachineCredential"."outletId" = $1 AND 1=1) LIMIT $2 OFFSET $3
 GET /api/machine/status 200 in 201ms (next.js: 9ms, application-code: 193ms)
prisma:query SELECT "public"."MachineCredential"."id" FROM "public"."MachineCredential" WHERE ("public"."MachineCredential"."outletId" = $1 AND 1=1) LIMIT $2 OFFSET $3
prisma:query UPDATE "public"."MachineCredential" SET "isOnline" = $1, "lastHeartbeat" = $2, "updatedAt" = $3 WHERE ("public"."MachineCredential"."id" = $4 AND 1=1) RETURNING "public"."MachineCredential"."id", "public"."MachineCredential"."outletId", "public"."MachineCredential"."machineEmail", "public"."MachineCredential"."passwordHash", "public"."MachineCredential"."apiToken", "public"."MachineCredential"."isOnline", "public"."MachineCredential"."lastHeartbeat", "public"."MachineCredential"."passwordLastRotatedAt", "public"."MachineCredential"."createdAt", "public"."MachineCredential"."updatedAt"
 POST /api/machine/heartbeat 200 in 201ms (next.js: 8ms, application-code: 194ms)
prisma:query SELECT 1
prisma:query SELECT "public"."MachineCredential"."id", "public"."MachineCredential"."isOnline", "public"."MachineCredential"."lastHeartbeat" FROM "public"."MachineCredential" WHERE ("public"."MachineCredential"."outletId" = $1 AND 1=1) LIMIT $2 OFFSET $3
 GET /api/machine/status 200 in 326ms (next.js: 5ms, application-code: 321ms)
prisma:query SELECT "public"."MachineCredential"."id" FROM "public"."MachineCredential" WHERE ("public"."MachineCredential"."outletId" = $1 AND 1=1) LIMIT $2 OFFSET $3
prisma:query UPDATE "public"."MachineCredential" SET "isOnline" = $1, "lastHeartbeat" = $2, "updatedAt" = $3 WHERE ("public"."MachineCredential"."id" = $4 AND 1=1) RETURNING "public"."MachineCredential"."id", "public"."MachineCredential"."outletId", "public"."MachineCredential"."machineEmail", "public"."MachineCredential"."passwordHash", "public"."MachineCredential"."apiToken", "public"."MachineCredential"."isOnline", "public"."MachineCredential"."lastHeartbeat", "public"."MachineCredential"."passwordLastRotatedAt", "public"."MachineCredential"."createdAt", "public"."MachineCredential"."updatedAt"
 POST /api/machine/heartbeat 200 in 184ms (next.js: 3ms, application-code: 180ms)
prisma:query SELECT "public"."MachineCredential"."id", "public"."MachineCredential"."isOnline", "public"."MachineCredential"."lastHeartbeat" FROM "public"."MachineCredential" WHERE ("public"."MachineCredential"."outletId" = $1 AND 1=1) LIMIT $2 OFFSET $3
 GET /api/machine/status 200 in 871ms (next.js: 2.0ms, application-code: 869ms)
User disconnected: HBqAMK7vKFsig30dAAAD, reason: ping timeout
prisma:query SELECT 1
prisma:query SELECT "public"."MachineCredential"."id", "public"."MachineCredential"."isOnline", "public"."MachineCredential"."lastHeartbeat" FROM "public"."MachineCredential" WHERE ("public"."MachineCredential"."outletId" = $1 AND 1=1) LIMIT $2 OFFSET $3
 GET /api/machine/status 200 in 232ms (next.js: 3ms, application-code: 229ms)
prisma:query SELECT 1
prisma:query SELECT "public"."MachineCredential"."id", "public"."MachineCredential"."isOnline", "public"."MachineCredential"."lastHeartbeat" FROM "public"."MachineCredential" WHERE ("public"."MachineCredential"."outletId" = $1 AND 1=1) LIMIT $2 OFFSET $3
 GET /api/machine/status 200 in 238ms (next.js: 4ms, application-code: 234ms)
prisma:query SELECT 1
prisma:query SELECT "public"."MachineCredential"."id", "public"."MachineCredential"."isOnline", "public"."MachineCredential"."lastHeartbeat" FROM "public"."MachineCredential" WHERE ("public"."MachineCredential"."outletId" = $1 AND 1=1) LIMIT $2 OFFSET $3
 GET /api/machine/status 200 in 197ms (next.js: 3ms, application-code: 194ms)
prisma:query SELECT 1
prisma:query SELECT "public"."MachineCredential"."id", "public"."MachineCredential"."isOnline", "public"."MachineCredential"."lastHeartbeat" FROM "public"."MachineCredential" WHERE ("public"."MachineCredential"."outletId" = $1 AND 1=1) LIMIT $2 OFFSET $3
 GET /api/machine/status 200 in 177ms (next.js: 3ms, application-code: 174ms)
prisma:query SELECT 1
prisma:query SELECT "public"."MachineCredential"."id", "public"."MachineCredential"."isOnline", "public"."MachineCredential"."lastHeartbeat" FROM "public"."MachineCredential" WHERE ("public"."MachineCredential"."outletId" = $1 AND 1=1) LIMIT $2 OFFSET $3
 GET /api/machine/status 200 in 186ms (next.js: 2ms, application-code: 184ms)
prisma:query SELECT "public"."MachineCredential"."id", "public"."MachineCredential"."isOnline", "public"."MachineCredential"."lastHeartbeat" FROM "public"."MachineCredential" WHERE ("public"."MachineCredential"."outletId" = $1 AND 1=1) LIMIT $2 OFFSET $3
 GET /api/machine/status 200 in 960ms (next.js: 7ms, application-code: 953ms)
prisma:query SELECT 1
prisma:query SELECT "public"."MachineCredential"."id", "public"."MachineCredential"."isOnline", "public"."MachineCredential"."lastHeartbeat" FROM "public"."MachineCredential" WHERE ("public"."MachineCredential"."outletId" = $1 AND 1=1) LIMIT $2 OFFSET $3
 GET /api/machine/status 200 in 201ms (next.js: 4ms, application-code: 197ms)
prisma:query SELECT 1
prisma:query SELECT "public"."MachineCredential"."id", "public"."MachineCredential"."isOnline", "public"."MachineCredential"."lastHeartbeat" FROM "public"."MachineCredential" WHERE ("public"."MachineCredential"."outletId" = $1 AND 1=1) LIMIT $2 OFFSET $3
 GET /api/machine/status 200 in 201ms (next.js: 1.9ms, application-code: 199ms)
prisma:query SELECT 1
prisma:query SELECT "public"."MachineCredential"."id", "public"."MachineCredential"."isOnline", "public"."MachineCredential"."lastHeartbeat" FROM "public"."MachineCredential" WHERE ("public"."MachineCredential"."outletId" = $1 AND 1=1) LIMIT $2 OFFSET $3
 GET /api/machine/status 200 in 245ms (next.js: 3ms, application-code: 242ms)
✓ Compiled in 91ms
 GET /kitchen 200 in 165ms (next.js: 39ms, proxy.ts: 9ms, application-code: 117ms)
prisma:query SELECT 1
prisma:query SELECT "public"."Outlet"."id", "public"."Outlet"."hotelId", "public"."Outlet"."name", "public"."Outlet"."slug", "public"."Outlet"."address", "public"."Outlet"."phone", "public"."Outlet"."billNote", "public"."Outlet"."kotNote", "public"."Outlet"."status", "public"."Outlet"."dailyRevenue", "public"."Outlet"."staffCount", "public"."Outlet"."franchiseOwnerId", "public"."Outlet"."createdAt" FROM "public"."Outlet" WHERE ("public"."Outlet"."id" = $1 AND 1=1) LIMIT $2 OFFSET $3
prisma:query SELECT "public"."Order"."id", "public"."Order"."outletId", "public"."Order"."tableNumber", "public"."Order"."billNumber", "public"."Order"."waiterName", "public"."Order"."status"::text, "public"."Order"."totalAmount", "public"."Order"."discount", "public"."Order"."notes", "public"."Order"."createdAt", "public"."Order"."updatedAt", "public"."Order"."completedAt", "public"."Order"."billedAt" FROM "public"."Order" WHERE ("public"."Order"."outletId" = $1 AND "public"."Order"."status" IN (CAST($2::text AS "public"."OrderStatus"),CAST($3::text AS "public"."OrderStatus"))) ORDER BY "public"."Order"."createdAt" ASC OFFSET $4
prisma:query SELECT "public"."OrderItem"."id", "public"."OrderItem"."orderId", "public"."OrderItem"."menuItemId", "public"."OrderItem"."name", "public"."OrderItem"."category", "public"."OrderItem"."price", "public"."OrderItem"."quantity", "public"."OrderItem"."status" FROM "public"."OrderItem" WHERE "public"."OrderItem"."orderId" IN ($1) OFFSET $2
 GET /api/orders 200 in 982ms (next.js: 15ms, application-code: 968ms)
prisma:query SELECT "public"."MachineCredential"."id", "public"."MachineCredential"."isOnline", "public"."MachineCredential"."lastHeartbeat" FROM "public"."MachineCredential" WHERE ("public"."MachineCredential"."outletId" = $1 AND 1=1) LIMIT $2 OFFSET $3
 GET /api/machine/status 200 in 1273ms (next.js: 40ms, application-code: 1233ms)
prisma:query SELECT "public"."Outlet"."id", "public"."Outlet"."hotelId", "public"."Outlet"."name", "public"."Outlet"."slug", "public"."Outlet"."address", "public"."Outlet"."phone", "public"."Outlet"."billNote", "public"."Outlet"."kotNote", "public"."Outlet"."status", "public"."Outlet"."dailyRevenue", "public"."Outlet"."staffCount", "public"."Outlet"."franchiseOwnerId", "public"."Outlet"."createdAt" FROM "public"."Outlet" WHERE ("public"."Outlet"."id" = $1 AND 1=1) LIMIT $2 OFFSET $3
prisma:query SELECT "public"."Outlet"."id", "public"."Outlet"."hotelId", "public"."Outlet"."name", "public"."Outlet"."slug", "public"."Outlet"."address", "public"."Outlet"."phone", "public"."Outlet"."billNote", "public"."Outlet"."kotNote", "public"."Outlet"."status", "public"."Outlet"."dailyRevenue", "public"."Outlet"."staffCount", "public"."Outlet"."franchiseOwnerId", "public"."Outlet"."createdAt" FROM "public"."Outlet" WHERE ("public"."Outlet"."id" = $1 AND 1=1) LIMIT $2 OFFSET $3
prisma:query SELECT "public"."Outlet"."id", "public"."Outlet"."hotelId", "public"."Outlet"."name", "public"."Outlet"."slug", "public"."Outlet"."address", "public"."Outlet"."phone", "public"."Outlet"."billNote", "public"."Outlet"."kotNote", "public"."Outlet"."status", "public"."Outlet"."dailyRevenue", "public"."Outlet"."staffCount", "public"."Outlet"."franchiseOwnerId", "public"."Outlet"."createdAt" FROM "public"."Outlet" WHERE ("public"."Outlet"."id" = $1 AND 1=1) LIMIT $2 OFFSET $3
prisma:query SELECT "public"."Order"."id", "public"."Order"."outletId", "public"."Order"."tableNumber", "public"."Order"."billNumber", "public"."Order"."waiterName", "public"."Order"."status"::text, "public"."Order"."totalAmount", "public"."Order"."discount", "public"."Order"."notes", "public"."Order"."createdAt", "public"."Order"."updatedAt", "public"."Order"."completedAt", "public"."Order"."billedAt" FROM "public"."Order" WHERE ("public"."Order"."outletId" = $1 AND "public"."Order"."status" IN (CAST($2::text AS "public"."OrderStatus"),CAST($3::text AS "public"."OrderStatus"))) ORDER BY "public"."Order"."createdAt" ASC OFFSET $4
prisma:query SELECT "public"."Order"."id", "public"."Order"."outletId", "public"."Order"."tableNumber", "public"."Order"."billNumber", "public"."Order"."waiterName", "public"."Order"."status"::text, "public"."Order"."totalAmount", "public"."Order"."discount", "public"."Order"."notes", "public"."Order"."createdAt", "public"."Order"."updatedAt", "public"."Order"."completedAt", "public"."Order"."billedAt" FROM "public"."Order" WHERE ("public"."Order"."outletId" = $1 AND "public"."Order"."status" IN (CAST($2::text AS "public"."OrderStatus"),CAST($3::text AS "public"."OrderStatus"))) ORDER BY "public"."Order"."createdAt" ASC OFFSET $4
prisma:query SELECT "public"."Order"."id", "public"."Order"."outletId", "public"."Order"."tableNumber", "public"."Order"."billNumber", "public"."Order"."waiterName", "public"."Order"."status"::text, "public"."Order"."totalAmount", "public"."Order"."discount", "public"."Order"."notes", "public"."Order"."createdAt", "public"."Order"."updatedAt", "public"."Order"."completedAt", "public"."Order"."billedAt" FROM "public"."Order" WHERE ("public"."Order"."outletId" = $1 AND "public"."Order"."status" IN (CAST($2::text AS "public"."OrderStatus"),CAST($3::text AS "public"."OrderStatus"))) ORDER BY "public"."Order"."createdAt" ASC OFFSET $4
prisma:query SELECT "public"."OrderItem"."id", "public"."OrderItem"."orderId", "public"."OrderItem"."menuItemId", "public"."OrderItem"."name", "public"."OrderItem"."category", "public"."OrderItem"."price", "public"."OrderItem"."quantity", "public"."OrderItem"."status" FROM "public"."OrderItem" WHERE "public"."OrderItem"."orderId" IN ($1) OFFSET $2
prisma:query SELECT "public"."OrderItem"."id", "public"."OrderItem"."orderId", "public"."OrderItem"."menuItemId", "public"."OrderItem"."name", "public"."OrderItem"."category", "public"."OrderItem"."price", "public"."OrderItem"."quantity", "public"."OrderItem"."status" FROM "public"."OrderItem" WHERE "public"."OrderItem"."orderId" IN ($1) OFFSET $2
 GET /api/orders 200 in 1668ms (next.js: 20ms, application-code: 1648ms)
 GET /api/orders 200 in 1661ms (next.js: 37ms, application-code: 1624ms)
prisma:query SELECT "public"."OrderItem"."id", "public"."OrderItem"."orderId", "public"."OrderItem"."menuItemId", "public"."OrderItem"."name", "public"."OrderItem"."category", "public"."OrderItem"."price", "public"."OrderItem"."quantity", "public"."OrderItem"."status" FROM "public"."OrderItem" WHERE "public"."OrderItem"."orderId" IN ($1) OFFSET $2
 GET /api/orders 200 in 1671ms (next.js: 25ms, application-code: 1646ms)
User connected: DvZtkr0T6sDUo6RHAAAE
Socket DvZtkr0T6sDUo6RHAAAE joined outlet KHANDOLI-MAIN
prisma:query SELECT 1
prisma:query SELECT "public"."MachineCredential"."id", "public"."MachineCredential"."isOnline", "public"."MachineCredential"."lastHeartbeat" FROM "public"."MachineCredential" WHERE ("public"."MachineCredential"."outletId" = $1 AND 1=1) LIMIT $2 OFFSET $3
 GET /api/machine/status 200 in 295ms (next.js: 1.6ms, application-code: 294ms)
prisma:query SELECT 1
prisma:query SELECT "public"."MachineCredential"."id", "public"."MachineCredential"."isOnline", "public"."MachineCredential"."lastHeartbeat" FROM "public"."MachineCredential" WHERE ("public"."MachineCredential"."outletId" = $1 AND 1=1) LIMIT $2 OFFSET $3
 GET /api/machine/status 200 in 199ms (next.js: 2ms, application-code: 196ms)
prisma:query SELECT 1
prisma:query SELECT "public"."MachineCredential"."id", "public"."MachineCredential"."isOnline", "public"."MachineCredential"."lastHeartbeat" FROM "public"."MachineCredential" WHERE ("public"."MachineCredential"."outletId" = $1 AND 1=1) LIMIT $2 OFFSET $3
 GET /api/machine/status 200 in 184ms (next.js: 4ms, application-code: 181ms)
prisma:query SELECT 1
prisma:query SELECT "public"."MachineCredential"."id", "public"."MachineCredential"."isOnline", "public"."MachineCredential"."lastHeartbeat" FROM "public"."MachineCredential" WHERE ("public"."MachineCredential"."outletId" = $1 AND 1=1) LIMIT $2 OFFSET $3
 GET /api/machine/status 200 in 189ms (next.js: 5ms, application-code: 185ms)
prisma:query SELECT 1
prisma:query SELECT "public"."MachineCredential"."id", "public"."MachineCredential"."isOnline", "public"."MachineCredential"."lastHeartbeat" FROM "public"."MachineCredential" WHERE ("public"."MachineCredential"."outletId" = $1 AND 1=1) LIMIT $2 OFFSET $3
 GET /api/machine/status 200 in 190ms (next.js: 1.9ms, application-code: 188ms)
 GET /kitchen 200 in 38ms (next.js: 8ms, proxy.ts: 7ms, application-code: 22ms)
✓ Compiled in 129ms
prisma:query SELECT 1
prisma:query SELECT "public"."MachineCredential"."id", "public"."MachineCredential"."isOnline", "public"."MachineCredential"."lastHeartbeat" FROM "public"."MachineCredential" WHERE ("public"."MachineCredential"."outletId" = $1 AND 1=1) LIMIT $2 OFFSET $3
 GET /api/machine/status 200 in 185ms (next.js: 1.8ms, application-code: 183ms)
prisma:query SELECT 1
prisma:query SELECT "public"."MachineCredential"."id", "public"."MachineCredential"."isOnline", "public"."MachineCredential"."lastHeartbeat" FROM "public"."MachineCredential" WHERE ("public"."MachineCredential"."outletId" = $1 AND 1=1) LIMIT $2 OFFSET $3
 GET /api/machine/status 200 in 189ms (next.js: 1.7ms, application-code: 187ms)
prisma:query SELECT 1
prisma:query SELECT "public"."MachineCredential"."id", "public"."MachineCredential"."isOnline", "public"."MachineCredential"."lastHeartbeat" FROM "public"."MachineCredential" WHERE ("public"."MachineCredential"."outletId" = $1 AND 1=1) LIMIT $2 OFFSET $3
 GET /api/machine/status 200 in 208ms (next.js: 1.9ms, application-code: 206ms)
prisma:query SELECT "public"."MachineCredential"."id", "public"."MachineCredential"."isOnline", "public"."MachineCredential"."lastHeartbeat" FROM "public"."MachineCredential" WHERE ("public"."MachineCredential"."outletId" = $1 AND 1=1) LIMIT $2 OFFSET $3
 GET /api/machine/status 200 in 900ms (next.js: 2.0ms, application-code: 898ms)
prisma:query SELECT 1
prisma:query SELECT "public"."MachineCredential"."id", "public"."MachineCredential"."isOnline", "public"."MachineCredential"."lastHeartbeat" FROM "public"."MachineCredential" WHERE ("public"."MachineCredential"."outletId" = $1 AND 1=1) LIMIT $2 OFFSET $3
 GET /api/machine/status 200 in 187ms (next.js: 1.5ms, application-code: 185ms)
 GET /unauthorized 200 in 97ms (next.js: 29ms, application-code: 69ms)
prisma:query SELECT 1
prisma:query SELECT "public"."MachineCredential"."id", "public"."MachineCredential"."isOnline", "public"."MachineCredential"."lastHeartbeat" FROM "public"."MachineCredential" WHERE ("public"."MachineCredential"."outletId" = $1 AND 1=1) LIMIT $2 OFFSET $3
 GET /api/machine/status 200 in 173ms (next.js: 1.9ms, application-code: 171ms)
prisma:query SELECT 1
prisma:query SELECT "public"."MachineCredential"."id", "public"."MachineCredential"."isOnline", "public"."MachineCredential"."lastHeartbeat" FROM "public"."MachineCredential" WHERE ("public"."MachineCredential"."outletId" = $1 AND 1=1) LIMIT $2 OFFSET $3
 GET /api/machine/status 200 in 179ms (next.js: 3ms, application-code: 176ms)
prisma:query SELECT 1
prisma:query SELECT "public"."MachineCredential"."id", "public"."MachineCredential"."isOnline", "public"."MachineCredential"."lastHeartbeat" FROM "public"."MachineCredential" WHERE ("public"."MachineCredential"."outletId" = $1 AND 1=1) LIMIT $2 OFFSET $3
 GET /api/machine/status 200 in 201ms (next.js: 1.8ms, application-code: 199ms)
prisma:query SELECT 1
prisma:query SELECT "public"."MachineCredential"."id", "public"."MachineCredential"."isOnline", "public"."MachineCredential"."lastHeartbeat" FROM "public"."MachineCredential" WHERE ("public"."MachineCredential"."outletId" = $1 AND 1=1) LIMIT $2 OFFSET $3
 GET /api/machine/status 200 in 184ms (next.js: 2ms, application-code: 182ms)
prisma:query SELECT 1
prisma:query SELECT "public"."MachineCredential"."id", "public"."MachineCredential"."isOnline", "public"."MachineCredential"."lastHeartbeat" FROM "public"."MachineCredential" WHERE ("public"."MachineCredential"."outletId" = $1 AND 1=1) LIMIT $2 OFFSET $3
 GET /api/machine/status 200 in 166ms (next.js: 2ms, application-code: 164ms)
✓ Compiled in 51ms
 GET /unauthorized 200 in 59ms (next.js: 9ms, application-code: 50ms)
 GET /kitchen 200 in 88ms (next.js: 54ms, proxy.ts: 12ms, application-code: 22ms)
prisma:query SELECT "public"."MachineCredential"."id", "public"."MachineCredential"."isOnline", "public"."MachineCredential"."lastHeartbeat" FROM "public"."MachineCredential" WHERE ("public"."MachineCredential"."outletId" = $1 AND 1=1) LIMIT $2 OFFSET $3
 GET /api/machine/status 200 in 1014ms (next.js: 1.8ms, application-code: 1012ms)
prisma:query SELECT "public"."MachineCredential"."id", "public"."MachineCredential"."isOnline", "public"."MachineCredential"."lastHeartbeat" FROM "public"."MachineCredential" WHERE ("public"."MachineCredential"."outletId" = $1 AND 1=1) LIMIT $2 OFFSET $3
 GET /api/machine/status 200 in 112ms (next.js: 2ms, application-code: 109ms)
prisma:query SELECT 1
prisma:query SELECT "public"."MachineCredential"."id", "public"."MachineCredential"."isOnline", "public"."MachineCredential"."lastHeartbeat" FROM "public"."MachineCredential" WHERE ("public"."MachineCredential"."outletId" = $1 AND 1=1) LIMIT $2 OFFSET $3
 GET /api/machine/status 200 in 184ms (next.js: 2.0ms, application-code: 182ms)
prisma:query SELECT 1
prisma:query SELECT "public"."MachineCredential"."id", "public"."MachineCredential"."isOnline", "public"."MachineCredential"."lastHeartbeat" FROM "public"."MachineCredential" WHERE ("public"."MachineCredential"."outletId" = $1 AND 1=1) LIMIT $2 OFFSET $3
 GET /api/machine/status 200 in 202ms (next.js: 2ms, application-code: 200ms)
prisma:query SELECT 1
prisma:query SELECT "public"."MachineCredential"."id", "public"."MachineCredential"."isOnline", "public"."MachineCredential"."lastHeartbeat" FROM "public"."MachineCredential" WHERE ("public"."MachineCredential"."outletId" = $1 AND 1=1) LIMIT $2 OFFSET $3
 GET /api/machine/status 200 in 214ms (next.js: 2ms, application-code: 212ms)
prisma:query SELECT 1
prisma:query SELECT "public"."MachineCredential"."id", "public"."MachineCredential"."isOnline", "public"."MachineCredential"."lastHeartbeat" FROM "public"."MachineCredential" WHERE ("public"."MachineCredential"."outletId" = $1 AND 1=1) LIMIT $2 OFFSET $3
 GET /api/machine/status 200 in 208ms (next.js: 3ms, application-code: 205ms)
prisma:query SELECT "public"."MachineCredential"."id", "public"."MachineCredential"."isOnline", "public"."MachineCredential"."lastHeartbeat" FROM "public"."MachineCredential" WHERE ("public"."MachineCredential"."outletId" = $1 AND 1=1) LIMIT $2 OFFSET $3
 GET /api/machine/status 200 in 954ms (next.js: 1.4ms, application-code: 952ms)
prisma:query SELECT 1
prisma:query SELECT "public"."MachineCredential"."id", "public"."MachineCredential"."isOnline", "public"."MachineCredential"."lastHeartbeat" FROM "public"."MachineCredential" WHERE ("public"."MachineCredential"."outletId" = $1 AND 1=1) LIMIT $2 OFFSET $3
 GET /api/machine/status 200 in 195ms (next.js: 1.8ms, application-code: 194ms)
prisma:query SELECT 1
prisma:query SELECT "public"."MachineCredential"."id", "public"."MachineCredential"."isOnline", "public"."MachineCredential"."lastHeartbeat" FROM "public"."MachineCredential" WHERE ("public"."MachineCredential"."outletId" = $1 AND 1=1) LIMIT $2 OFFSET $3
 GET /api/machine/status 200 in 192ms (next.js: 3ms, application-code: 189ms)
prisma:query SELECT 1
prisma:query SELECT "public"."MachineCredential"."id", "public"."MachineCredential"."isOnline", "public"."MachineCredential"."lastHeartbeat" FROM "public"."MachineCredential" WHERE ("public"."MachineCredential"."outletId" = $1 AND 1=1) LIMIT $2 OFFSET $3
 GET /api/machine/status 200 in 207ms (next.js: 2ms, application-code: 205ms)
prisma:query SELECT 1
prisma:query SELECT "public"."MachineCredential"."id", "public"."MachineCredential"."isOnline", "public"."MachineCredential"."lastHeartbeat" FROM "public"."MachineCredential" WHERE ("public"."MachineCredential"."outletId" = $1 AND 1=1) LIMIT $2 OFFSET $3
 GET /api/machine/status 200 in 203ms (next.js: 2ms, application-code: 201ms)
prisma:query SELECT 1
prisma:query SELECT "public"."MachineCredential"."id", "public"."MachineCredential"."isOnline", "public"."MachineCredential"."lastHeartbeat" FROM "public"."MachineCredential" WHERE ("public"."MachineCredential"."outletId" = $1 AND 1=1) LIMIT $2 OFFSET $3
 GET /api/machine/status 200 in 196ms (next.js: 3ms, application-code: 193ms)
prisma:query SELECT "public"."MachineCredential"."id", "public"."MachineCredential"."isOnline", "public"."MachineCredential"."lastHeartbeat" FROM "public"."MachineCredential" WHERE ("public"."MachineCredential"."outletId" = $1 AND 1=1) LIMIT $2 OFFSET $3
 GET /api/machine/status 200 in 922ms (next.js: 3ms, application-code: 919ms)
prisma:query SELECT 1
prisma:query SELECT "public"."MachineCredential"."id", "public"."MachineCredential"."isOnline", "public"."MachineCredential"."lastHeartbeat" FROM "public"."MachineCredential" WHERE ("public"."MachineCredential"."outletId" = $1 AND 1=1) LIMIT $2 OFFSET $3
 GET /api/machine/status 200 in 193ms (next.js: 1.8ms, application-code: 191ms)
prisma:query SELECT 1
prisma:query SELECT "public"."MachineCredential"."id", "public"."MachineCredential"."isOnline", "public"."MachineCredential"."lastHeartbeat" FROM "public"."MachineCredential" WHERE ("public"."MachineCredential"."outletId" = $1 AND 1=1) LIMIT $2 OFFSET $3
 GET /api/machine/status 200 in 376ms (next.js: 1.7ms, application-code: 374ms)
prisma:query SELECT 1
prisma:query SELECT "public"."MachineCredential"."id", "public"."MachineCredential"."isOnline", "public"."MachineCredential"."lastHeartbeat" FROM "public"."MachineCredential" WHERE ("public"."MachineCredential"."outletId" = $1 AND 1=1) LIMIT $2 OFFSET $3
 GET /api/machine/status 200 in 224ms (next.js: 3ms, application-code: 221ms)
prisma:query SELECT 1
prisma:query SELECT "public"."MachineCredential"."id", "public"."MachineCredential"."isOnline", "public"."MachineCredential"."lastHeartbeat" FROM "public"."MachineCredential" WHERE ("public"."MachineCredential"."outletId" = $1 AND 1=1) LIMIT $2 OFFSET $3
 GET /api/machine/status 200 in 187ms (next.js: 2ms, application-code: 185ms)
 GET /unauthorized 200 in 42ms (next.js: 6ms, application-code: 35ms)
 GET /kitchen 200 in 45ms (next.js: 21ms, proxy.ts: 8ms, application-code: 16ms)
✓ Compiled in 30ms
prisma:query SELECT 1
prisma:query SELECT "public"."MachineCredential"."id", "public"."MachineCredential"."isOnline", "public"."MachineCredential"."lastHeartbeat" FROM "public"."MachineCredential" WHERE ("public"."MachineCredential"."outletId" = $1 AND 1=1) LIMIT $2 OFFSET $3
 GET /api/machine/status 200 in 178ms (next.js: 2.0ms, application-code: 176ms)
prisma:query SELECT 1
prisma:query SELECT "public"."MachineCredential"."id", "public"."MachineCredential"."isOnline", "public"."MachineCredential"."lastHeartbeat" FROM "public"."MachineCredential" WHERE ("public"."MachineCredential"."outletId" = $1 AND 1=1) LIMIT $2 OFFSET $3
 GET /api/machine/status 200 in 284ms (next.js: 18ms, application-code: 266ms)
prisma:query SELECT "public"."MachineCredential"."id", "public"."MachineCredential"."isOnline", "public"."MachineCredential"."lastHeartbeat" FROM "public"."MachineCredential" WHERE ("public"."MachineCredential"."outletId" = $1 AND 1=1) LIMIT $2 OFFSET $3
 GET /api/machine/status 200 in 892ms (next.js: 2.0ms, application-code: 890ms)
prisma:query SELECT 1
prisma:query SELECT "public"."MachineCredential"."id", "public"."MachineCredential"."isOnline", "public"."MachineCredential"."lastHeartbeat" FROM "public"."MachineCredential" WHERE ("public"."MachineCredential"."outletId" = $1 AND 1=1) LIMIT $2 OFFSET $3
 GET /api/machine/status 200 in 204ms (next.js: 1.6ms, application-code: 202ms)
 GET /unauthorized 200 in 29ms (next.js: 7ms, application-code: 23ms)
 GET /kitchen 200 in 55ms (next.js: 30ms, proxy.ts: 5ms, application-code: 21ms)
✓ Compiled in 411ms
prisma:query SELECT 1
prisma:query SELECT "public"."MachineCredential"."id", "public"."MachineCredential"."isOnline", "public"."MachineCredential"."lastHeartbeat" FROM "public"."MachineCredential" WHERE ("public"."MachineCredential"."outletId" = $1 AND 1=1) LIMIT $2 OFFSET $3
 GET /api/machine/status 200 in 195ms (next.js: 2ms, application-code: 192ms)
prisma:query SELECT 1
prisma:query SELECT "public"."MachineCredential"."id", "public"."MachineCredential"."isOnline", "public"."MachineCredential"."lastHeartbeat" FROM "public"."MachineCredential" WHERE ("public"."MachineCredential"."outletId" = $1 AND 1=1) LIMIT $2 OFFSET $3
 GET /api/machine/status 200 in 205ms (next.js: 1.6ms, application-code: 203ms)
prisma:query SELECT 1
prisma:query SELECT "public"."MachineCredential"."id", "public"."MachineCredential"."isOnline", "public"."MachineCredential"."lastHeartbeat" FROM "public"."MachineCredential" WHERE ("public"."MachineCredential"."outletId" = $1 AND 1=1) LIMIT $2 OFFSET $3
 GET /api/machine/status 200 in 180ms (next.js: 1.9ms, application-code: 178ms)
prisma:query SELECT 1
prisma:query SELECT "public"."MachineCredential"."id", "public"."MachineCredential"."isOnline", "public"."MachineCredential"."lastHeartbeat" FROM "public"."MachineCredential" WHERE ("public"."MachineCredential"."outletId" = $1 AND 1=1) LIMIT $2 OFFSET $3
 GET /api/machine/status 200 in 185ms (next.js: 1.4ms, application-code: 183ms)
prisma:query SELECT "public"."MachineCredential"."id", "public"."MachineCredential"."isOnline", "public"."MachineCredential"."lastHeartbeat" FROM "public"."MachineCredential" WHERE ("public"."MachineCredential"."outletId" = $1 AND 1=1) LIMIT $2 OFFSET $3
 GET /api/machine/status 200 in 898ms (next.js: 2ms, application-code: 895ms)
prisma:query SELECT 1
prisma:query SELECT "public"."MachineCredential"."id", "public"."MachineCredential"."isOnline", "public"."MachineCredential"."lastHeartbeat" FROM "public"."MachineCredential" WHERE ("public"."MachineCredential"."outletId" = $1 AND 1=1) LIMIT $2 OFFSET $3
 GET /api/machine/status 200 in 190ms (next.js: 3ms, application-code: 187ms)
prisma:query SELECT 1
prisma:query SELECT "public"."MachineCredential"."id", "public"."MachineCredential"."isOnline", "public"."MachineCredential"."lastHeartbeat" FROM "public"."MachineCredential" WHERE ("public"."MachineCredential"."outletId" = $1 AND 1=1) LIMIT $2 OFFSET $3
 GET /api/machine/status 200 in 196ms (next.js: 3ms, application-code: 193ms)
prisma:query SELECT 1
prisma:query SELECT "public"."MachineCredential"."id", "public"."MachineCredential"."isOnline", "public"."MachineCredential"."lastHeartbeat" FROM "public"."MachineCredential" WHERE ("public"."MachineCredential"."outletId" = $1 AND 1=1) LIMIT $2 OFFSET $3
 GET /api/machine/status 200 in 176ms (next.js: 2ms, application-code: 173ms)
prisma:query SELECT 1
prisma:query SELECT "public"."MachineCredential"."id", "public"."MachineCredential"."isOnline", "public"."MachineCredential"."lastHeartbeat" FROM "public"."MachineCredential" WHERE ("public"."MachineCredential"."outletId" = $1 AND 1=1) LIMIT $2 OFFSET $3
 GET /api/machine/status 200 in 212ms (next.js: 2ms, application-code: 210ms)
prisma:query SELECT 1
prisma:query SELECT "public"."MachineCredential"."id", "public"."MachineCredential"."isOnline", "public"."MachineCredential"."lastHeartbeat" FROM "public"."MachineCredential" WHERE ("public"."MachineCredential"."outletId" = $1 AND 1=1) LIMIT $2 OFFSET $3
 GET /api/machine/status 200 in 218ms (next.js: 3ms, application-code: 216ms)
prisma:query SELECT "public"."MachineCredential"."id", "public"."MachineCredential"."isOnline", "public"."MachineCredential"."lastHeartbeat" FROM "public"."MachineCredential" WHERE ("public"."MachineCredential"."outletId" = $1 AND 1=1) LIMIT $2 OFFSET $3
 GET /api/machine/status 200 in 2.4s (next.js: 1.3ms, application-code: 2.4s)
prisma:query SELECT 1
prisma:query SELECT "public"."MachineCredential"."id", "public"."MachineCredential"."isOnline", "public"."MachineCredential"."lastHeartbeat" FROM "public"."MachineCredential" WHERE ("public"."MachineCredential"."outletId" = $1 AND 1=1) LIMIT $2 OFFSET $3
 GET /api/machine/status 200 in 203ms (next.js: 2.0ms, application-code: 201ms)
prisma:query SELECT 1
prisma:query SELECT "public"."MachineCredential"."id", "public"."MachineCredential"."isOnline", "public"."MachineCredential"."lastHeartbeat" FROM "public"."MachineCredential" WHERE ("public"."MachineCredential"."outletId" = $1 AND 1=1) LIMIT $2 OFFSET $3
 GET /api/machine/status 200 in 192ms (next.js: 2ms, application-code: 190ms)
prisma:query SELECT 1
prisma:query SELECT "public"."MachineCredential"."id", "public"."MachineCredential"."isOnline", "public"."MachineCredential"."lastHeartbeat" FROM "public"."MachineCredential" WHERE ("public"."MachineCredential"."outletId" = $1 AND 1=1) LIMIT $2 OFFSET $3
 GET /api/machine/status 200 in 180ms (next.js: 3ms, application-code: 177ms)
prisma:query SELECT 1
prisma:query SELECT "public"."MachineCredential"."id", "public"."MachineCredential"."isOnline", "public"."MachineCredential"."lastHeartbeat" FROM "public"."MachineCredential" WHERE ("public"."MachineCredential"."outletId" = $1 AND 1=1) LIMIT $2 OFFSET $3
 GET /api/machine/status 200 in 187ms (next.js: 2ms, application-code: 185ms)
prisma:query SELECT 1
prisma:query SELECT "public"."MachineCredential"."id", "public"."MachineCredential"."isOnline", "public"."MachineCredential"."lastHeartbeat" FROM "public"."MachineCredential" WHERE ("public"."MachineCredential"."outletId" = $1 AND 1=1) LIMIT $2 OFFSET $3
 GET /api/machine/status 200 in 197ms (next.js: 2ms, application-code: 195ms)
prisma:query SELECT "public"."MachineCredential"."id", "public"."MachineCredential"."isOnline", "public"."MachineCredential"."lastHeartbeat" FROM "public"."MachineCredential" WHERE ("public"."MachineCredential"."outletId" = $1 AND 1=1) LIMIT $2 OFFSET $3
 GET /api/machine/status 200 in 985ms (next.js: 2ms, application-code: 983ms)
prisma:query SELECT 1
prisma:query SELECT "public"."MachineCredential"."id", "public"."MachineCredential"."isOnline", "public"."MachineCredential"."lastHeartbeat" FROM "public"."MachineCredential" WHERE ("public"."MachineCredential"."outletId" = $1 AND 1=1) LIMIT $2 OFFSET $3
 GET /api/machine/status 200 in 207ms (next.js: 2ms, application-code: 204ms)
prisma:query SELECT 1
prisma:query SELECT "public"."MachineCredential"."id", "public"."MachineCredential"."isOnline", "public"."MachineCredential"."lastHeartbeat" FROM "public"."MachineCredential" WHERE ("public"."MachineCredential"."outletId" = $1 AND 1=1) LIMIT $2 OFFSET $3
 GET /api/machine/status 200 in 208ms (next.js: 2ms, application-code: 206ms)
prisma:query SELECT 1
prisma:query SELECT "public"."MachineCredential"."id", "public"."MachineCredential"."isOnline", "public"."MachineCredential"."lastHeartbeat" FROM "public"."MachineCredential" WHERE ("public"."MachineCredential"."outletId" = $1 AND 1=1) LIMIT $2 OFFSET $3
 GET /api/machine/status 200 in 179ms (next.js: 1.4ms, application-code: 178ms)
